"Variable / Field Name","Form Name","Section Header","Field Type","Field Label","Choices, Calculations, OR Slider Labels","Field Note","Text Validation Type OR Show Slider Number","Text Validation Min","Text Validation Max",Identifier?,"Branching Logic (Show field only if...)","Required Field?","Custom Alignment","Question Number (surveys only)","Matrix Group Name","Matrix Ranking?","Field Annotation"
lci_d1,life_chart_interview_d_middle_school_or_junior_hig,"Section D: Middle School or Junior High Years",text,"D1. What was the approximate date you finished middle school or junior high (the school immediately prior to high school)?

Date:

<i>(combining this answer with the date they finished elementary school (provided above) gives the start and end date of this time period)
*If subject did not attend middle school or junior high, this period would consist of ages 11-14 years.</i>",,,date_ymd,,,y,,y,,,,,
lci_d2,life_chart_interview_d_middle_school_or_junior_hig,,dropdown,"The next several questions will cover the time you were in middle school ""in (insert year)"" or ""at age (insert age)"" (repeat year or age indicated above).

D2. How would you rate your general mood during this period of your life? While we recognize your mood was not the same throughout, we would like a rating of how your mood was <i>on average</i>. As a reminder, this is on a scale of 1-10, with 1 being the worst and 10 being the best mood you have experienced.

Average Mood Rating:","1, 1 | 2, 2 | 3, 3 | 4, 4 | 5, 5 | 6, 6 | 7, 7 | 8, 8 | 9, 9 | 10, 10",,,,,,,y,,,,,
lci_d3_count,life_chart_interview_d_middle_school_or_junior_hig,,dropdown,"D3#. During this time period, where did you live (for example, city, state, country if not U.S.)?

Count","0, 0 | 1, 1 | 2, 2 | 3, 3 | 4, 4 | 5, 5 | 6, 6 | 7, 7 | 8, 8 | 9, 9",,,,,,,y,,,,,
lci_d3i_1,life_chart_interview_d_middle_school_or_junior_hig,,text,"Location #1
Start date:

<i>(Follow up questions: Did you live in that location during the entire period of childhood up until elementary school? If not: Where else did you live and when did you move? Use additional prompts as needed to obtain the approximate dates in which they lived in each location.)

*If the subject lived in multiple places during this time (e.g., moved during this period), allow to add lines as needed)</i>",,,date_ymd,,,y,"[lci_d3_count] >= 1",y,,,,,
lci_d3ii_1,life_chart_interview_d_middle_school_or_junior_hig,,text,"Location #1
End Date:",,,date_ymd,,,y,"[lci_d3_count] >= 1",y,,,,,
lci_d3iii_1,life_chart_interview_d_middle_school_or_junior_hig,,text,"Location #1
City:",,,,,,,"[lci_d3_count] >= 1",,,,,,
lci_d3iv_1,life_chart_interview_d_middle_school_or_junior_hig,,text,"Location #1
State:",,,,,,,"[lci_d3_count] >= 1",,,,,,
lci_d3v_1,life_chart_interview_d_middle_school_or_junior_hig,,text,"Location #1
Country:",,,,,,,"[lci_d3_count] >= 1",,,,,,
lci_d3i_2,life_chart_interview_d_middle_school_or_junior_hig,,text,"Location #2
Start date:

<i>(Follow up questions: Did you live in that location during the entire period of childhood up until elementary school? If not: Where else did you live and when did you move? Use additional prompts as needed to obtain the approximate dates in which they lived in each location.)

*If the subject lived in multiple places during this time (e.g., moved during this period), allow to add lines as needed)</i>",,,date_ymd,,,y,"[lci_d3_count] >= 2",y,,,,,
lci_d3ii_2,life_chart_interview_d_middle_school_or_junior_hig,,text,"Location #2
End Date:",,,date_ymd,,,y,"[lci_d3_count] >= 2",y,,,,,
lci_d3iii_2,life_chart_interview_d_middle_school_or_junior_hig,,text,"Location #2
City:",,,,,,,"[lci_d3_count] >= 2",,,,,,
lci_d3iv_2,life_chart_interview_d_middle_school_or_junior_hig,,text,"Location #2
State:",,,,,,,"[lci_d3_count] >= 2",,,,,,
lci_d3v_2,life_chart_interview_d_middle_school_or_junior_hig,,text,"Location #2
Country:",,,,,,,"[lci_d3_count] >= 2",,,,,,
lci_d3i_3,life_chart_interview_d_middle_school_or_junior_hig,,text,"Location #3
Start date:

<i>(Follow up questions: Did you live in that location during the entire period of childhood up until elementary school? If not: Where else did you live and when did you move? Use additional prompts as needed to obtain the approximate dates in which they lived in each location.)

*If the subject lived in multiple places during this time (e.g., moved during this period), allow to add lines as needed)</i>",,,date_ymd,,,y,"[lci_d3_count] >= 3",y,,,,,
lci_d3ii_3,life_chart_interview_d_middle_school_or_junior_hig,,text,"Location #3
End Date:",,,date_ymd,,,y,"[lci_d3_count] >= 3",y,,,,,
lci_d3iii_3,life_chart_interview_d_middle_school_or_junior_hig,,text,"Location #3
City:",,,,,,,"[lci_d3_count] >= 3",,,,,,
lci_d3iv_3,life_chart_interview_d_middle_school_or_junior_hig,,text,"Location #3
State:",,,,,,,"[lci_d3_count] >= 3",,,,,,
lci_d3v_3,life_chart_interview_d_middle_school_or_junior_hig,,text,"Location #3
Country:",,,,,,,"[lci_d3_count] >= 3",,,,,,
lci_d3i_4,life_chart_interview_d_middle_school_or_junior_hig,,text,"Location #4
Start date:

<i>(Follow up questions: Did you live in that location during the entire period of childhood up until elementary school? If not: Where else did you live and when did you move? Use additional prompts as needed to obtain the approximate dates in which they lived in each location.)

*If the subject lived in multiple places during this time (e.g., moved during this period), allow to add lines as needed)</i>",,,date_ymd,,,y,"[lci_d3_count] >= 4",y,,,,,
lci_d3ii_4,life_chart_interview_d_middle_school_or_junior_hig,,text,"Location #4
End Date:",,,date_ymd,,,y,"[lci_d3_count] >= 4",y,,,,,
lci_d3iii_4,life_chart_interview_d_middle_school_or_junior_hig,,text,"Location #4
City:",,,,,,,"[lci_d3_count] >= 4",,,,,,
lci_d3iv_4,life_chart_interview_d_middle_school_or_junior_hig,,text,"Location #4
State:",,,,,,,"[lci_d3_count] >= 4",,,,,,
lci_d3v_4,life_chart_interview_d_middle_school_or_junior_hig,,text,"Location #4
Country:",,,,,,,"[lci_d3_count] >= 4",,,,,,
lci_d3i_5,life_chart_interview_d_middle_school_or_junior_hig,,text,"Location #5
Start date:

<i>(Follow up questions: Did you live in that location during the entire period of childhood up until elementary school? If not: Where else did you live and when did you move? Use additional prompts as needed to obtain the approximate dates in which they lived in each location.)

*If the subject lived in multiple places during this time (e.g., moved during this period), allow to add lines as needed)</i>",,,date_ymd,,,y,"[lci_d3_count] >= 5",y,,,,,
lci_d3ii_5,life_chart_interview_d_middle_school_or_junior_hig,,text,"Location #5
End Date:",,,date_ymd,,,y,"[lci_d3_count] >= 5",y,,,,,
lci_d3iii_5,life_chart_interview_d_middle_school_or_junior_hig,,text,"Location #5
City:",,,,,,,"[lci_d3_count] >= 5",,,,,,
lci_d3iv_5,life_chart_interview_d_middle_school_or_junior_hig,,text,"Location #5
State:",,,,,,,"[lci_d3_count] >= 5",,,,,,
lci_d3v_5,life_chart_interview_d_middle_school_or_junior_hig,,text,"Location #5
Country:",,,,,,,"[lci_d3_count] >= 5",,,,,,
lci_d3i_6,life_chart_interview_d_middle_school_or_junior_hig,,text,"Location #6
Start date:

<i>(Follow up questions: Did you live in that location during the entire period of childhood up until elementary school? If not: Where else did you live and when did you move? Use additional prompts as needed to obtain the approximate dates in which they lived in each location.)

*If the subject lived in multiple places during this time (e.g., moved during this period), allow to add lines as needed)</i>",,,date_ymd,,,y,"[lci_d3_count] >= 6",y,,,,,
lci_d3ii_6,life_chart_interview_d_middle_school_or_junior_hig,,text,"Location #6
End Date:",,,date_ymd,,,y,"[lci_d3_count] >= 6",y,,,,,
lci_d3iii_6,life_chart_interview_d_middle_school_or_junior_hig,,text,"Location #6
City:",,,,,,,"[lci_d3_count] >= 6",,,,,,
lci_d3iv_6,life_chart_interview_d_middle_school_or_junior_hig,,text,"Location #6
State:",,,,,,,"[lci_d3_count] >= 6",,,,,,
lci_d3v_6,life_chart_interview_d_middle_school_or_junior_hig,,text,"Location #6
Country:",,,,,,,"[lci_d3_count] >= 6",,,,,,
lci_d3i_7,life_chart_interview_d_middle_school_or_junior_hig,,text,"Location #7
Start date:

<i>(Follow up questions: Did you live in that location during the entire period of childhood up until elementary school? If not: Where else did you live and when did you move? Use additional prompts as needed to obtain the approximate dates in which they lived in each location.)

*If the subject lived in multiple places during this time (e.g., moved during this period), allow to add lines as needed)</i>",,,date_ymd,,,y,"[lci_d3_count] >= 7",y,,,,,
lci_d3ii_7,life_chart_interview_d_middle_school_or_junior_hig,,text,"Location #7
End Date:",,,date_ymd,,,y,"[lci_d3_count] >= 7",y,,,,,
lci_d3iii_7,life_chart_interview_d_middle_school_or_junior_hig,,text,"Location #7
City:",,,,,,,"[lci_d3_count] >= 7",,,,,,
lci_d3iv_7,life_chart_interview_d_middle_school_or_junior_hig,,text,"Location #7
State:",,,,,,,"[lci_d3_count] >= 7",,,,,,
lci_d3v_7,life_chart_interview_d_middle_school_or_junior_hig,,text,"Location #7
Country:",,,,,,,"[lci_d3_count] >= 7",,,,,,
lci_d3i_8,life_chart_interview_d_middle_school_or_junior_hig,,text,"Location #8
Start date:

<i>(Follow up questions: Did you live in that location during the entire period of childhood up until elementary school? If not: Where else did you live and when did you move? Use additional prompts as needed to obtain the approximate dates in which they lived in each location.)

*If the subject lived in multiple places during this time (e.g., moved during this period), allow to add lines as needed)</i>",,,date_ymd,,,y,"[lci_d3_count] >= 8",y,,,,,
lci_d3ii_8,life_chart_interview_d_middle_school_or_junior_hig,,text,"Location #8
End Date:",,,date_ymd,,,y,"[lci_d3_count] >= 8",y,,,,,
lci_d3iii_8,life_chart_interview_d_middle_school_or_junior_hig,,text,"Location #8
City:",,,,,,,"[lci_d3_count] >= 8",,,,,,
lci_d3iv_8,life_chart_interview_d_middle_school_or_junior_hig,,text,"Location #8
State:",,,,,,,"[lci_d3_count] >= 8",,,,,,
lci_d3v_8,life_chart_interview_d_middle_school_or_junior_hig,,text,"Location #8
Country:",,,,,,,"[lci_d3_count] >= 8",,,,,,
lci_d3i_9,life_chart_interview_d_middle_school_or_junior_hig,,text,"Location #9
Start date:

<i>(Follow up questions: Did you live in that location during the entire period of childhood up until elementary school? If not: Where else did you live and when did you move? Use additional prompts as needed to obtain the approximate dates in which they lived in each location.)

*If the subject lived in multiple places during this time (e.g., moved during this period), allow to add lines as needed)</i>",,,date_ymd,,,y,"[lci_d3_count] >= 9",y,,,,,
lci_d3ii_9,life_chart_interview_d_middle_school_or_junior_hig,,text,"Location #9
End Date:",,,date_ymd,,,y,"[lci_d3_count] >= 9",y,,,,,
lci_d3iii_9,life_chart_interview_d_middle_school_or_junior_hig,,text,"Location #9
City:",,,,,,,"[lci_d3_count] >= 9",,,,,,
lci_d3iv_9,life_chart_interview_d_middle_school_or_junior_hig,,text,"Location #9
State:",,,,,,,"[lci_d3_count] >= 9",,,,,,
lci_d3v_9,life_chart_interview_d_middle_school_or_junior_hig,,text,"Location #9
Country:",,,,,,,"[lci_d3_count] >= 9",,,,,,
lci_d4_count,life_chart_interview_d_middle_school_or_junior_hig,,dropdown,"D4#. Describe the schools you attended during this period and the approximate dates you attended each.

Count","0, 0 | 1, 1 | 2, 2 | 3, 3 | 4, 4 | 5, 5 | 6, 6 | 7, 7 | 8, 8 | 9, 9",,,,,,,y,,,,,
lci_d4i_1,life_chart_interview_d_middle_school_or_junior_hig,,text,"School #1
Start date:",,,date_ymd,,,y,"[lci_d4_count] >= 1",y,,,,,
lci_d4ii_1,life_chart_interview_d_middle_school_or_junior_hig,,text,"School #1
End date:",,,date_ymd,,,y,"[lci_d4_count] >= 1",y,,,,,
lci_d4iii_1,life_chart_interview_d_middle_school_or_junior_hig,,text,"School #1
Description:

<i>*For description - can enter the exact school name (if known) and/or the type of school, such as private, public, immersion, etc.</i>",,,,,,,"[lci_d4_count] >= 1",y,,,,,
lci_d4i_2,life_chart_interview_d_middle_school_or_junior_hig,,text,"School #2
Start date:",,,date_ymd,,,y,"[lci_d4_count] >= 2",y,,,,,
lci_d4ii_2,life_chart_interview_d_middle_school_or_junior_hig,,text,"School #2
End date:",,,date_ymd,,,y,"[lci_d4_count] >= 2",y,,,,,
lci_d4iii_2,life_chart_interview_d_middle_school_or_junior_hig,,text,"School #2
Description:

<i>*For description - can enter the exact school name (if known) and/or the type of school, such as private, public, immersion, etc.</i>",,,,,,,"[lci_d4_count] >= 2",y,,,,,
lci_d4i_3,life_chart_interview_d_middle_school_or_junior_hig,,text,"School #3
Start date:",,,date_ymd,,,y,"[lci_d4_count] >= 3",y,,,,,
lci_d4ii_3,life_chart_interview_d_middle_school_or_junior_hig,,text,"School #3
End date:",,,date_ymd,,,y,"[lci_d4_count] >= 3",y,,,,,
lci_d4iii_3,life_chart_interview_d_middle_school_or_junior_hig,,text,"School #3
Description:

<i>*For description - can enter the exact school name (if known) and/or the type of school, such as private, public, immersion, etc.</i>",,,,,,,"[lci_d4_count] >= 3",y,,,,,
lci_d4i_4,life_chart_interview_d_middle_school_or_junior_hig,,text,"School #4
Start date:",,,date_ymd,,,y,"[lci_d4_count] >= 4",y,,,,,
lci_d4ii_4,life_chart_interview_d_middle_school_or_junior_hig,,text,"School #4
End date:",,,date_ymd,,,y,"[lci_d4_count] >= 4",y,,,,,
lci_d4iii_4,life_chart_interview_d_middle_school_or_junior_hig,,text,"School #4
Description:

<i>*For description - can enter the exact school name (if known) and/or the type of school, such as private, public, immersion, etc.</i>",,,,,,,"[lci_d4_count] >= 4",y,,,,,
lci_d4i_5,life_chart_interview_d_middle_school_or_junior_hig,,text,"School #5
Start date:",,,date_ymd,,,y,"[lci_d4_count] >= 5",y,,,,,
lci_d4ii_5,life_chart_interview_d_middle_school_or_junior_hig,,text,"School #5
End date:",,,date_ymd,,,y,"[lci_d4_count] >= 5",y,,,,,
lci_d4iii_5,life_chart_interview_d_middle_school_or_junior_hig,,text,"School #5
Description:

<i>*For description - can enter the exact school name (if known) and/or the type of school, such as private, public, immersion, etc.</i>",,,,,,,"[lci_d4_count] >= 5",y,,,,,
lci_d4i_6,life_chart_interview_d_middle_school_or_junior_hig,,text,"School #6
Start date:",,,date_ymd,,,y,"[lci_d4_count] >= 6",y,,,,,
lci_d4ii_6,life_chart_interview_d_middle_school_or_junior_hig,,text,"School #6
End date:",,,date_ymd,,,y,"[lci_d4_count] >= 6",y,,,,,
lci_d4iii_6,life_chart_interview_d_middle_school_or_junior_hig,,text,"School #6
Description:

<i>*For description - can enter the exact school name (if known) and/or the type of school, such as private, public, immersion, etc.</i>",,,,,,,"[lci_d4_count] >= 6",y,,,,,
lci_d4i_7,life_chart_interview_d_middle_school_or_junior_hig,,text,"School #7
Start date:",,,date_ymd,,,y,"[lci_d4_count] >= 7",y,,,,,
lci_d4ii_7,life_chart_interview_d_middle_school_or_junior_hig,,text,"School #7
End date:",,,date_ymd,,,y,"[lci_d4_count] >= 7",y,,,,,
lci_d4iii_7,life_chart_interview_d_middle_school_or_junior_hig,,text,"School #7
Description:

<i>*For description - can enter the exact school name (if known) and/or the type of school, such as private, public, immersion, etc.</i>",,,,,,,"[lci_d4_count] >= 7",y,,,,,
lci_d4i_8,life_chart_interview_d_middle_school_or_junior_hig,,text,"School #8
Start date:",,,date_ymd,,,y,"[lci_d4_count] >= 8",y,,,,,
lci_d4ii_8,life_chart_interview_d_middle_school_or_junior_hig,,text,"School #8
End date:",,,date_ymd,,,y,"[lci_d4_count] >= 8",y,,,,,
lci_d4iii_8,life_chart_interview_d_middle_school_or_junior_hig,,text,"School #8
Description:

<i>*For description - can enter the exact school name (if known) and/or the type of school, such as private, public, immersion, etc.</i>",,,,,,,"[lci_d4_count] >= 8",y,,,,,
lci_d4i_9,life_chart_interview_d_middle_school_or_junior_hig,,text,"School #9
Start date:",,,date_ymd,,,y,"[lci_d4_count] >= 9",y,,,,,
lci_d4ii_9,life_chart_interview_d_middle_school_or_junior_hig,,text,"School #9
End date:",,,date_ymd,,,y,"[lci_d4_count] >= 9",y,,,,,
lci_d4iii_9,life_chart_interview_d_middle_school_or_junior_hig,,text,"School #9
Description:

<i>*For description - can enter the exact school name (if known) and/or the type of school, such as private, public, immersion, etc.</i>",,,,,,,"[lci_d4_count] >= 9",y,,,,,
lci_d5_count,life_chart_interview_d_middle_school_or_junior_hig,,dropdown,"D5#. What are some of the things you liked doing, for example hobbies or activities (for example, reading, playing a sport, etc.)?

Count","0, 0 | 1, 1 | 2, 2 | 3, 3 | 4, 4 | 5, 5 | 6, 6 | 7, 7 | 8, 8 | 9, 9",,,,,,,y,,,,,
lci_d5i_1,life_chart_interview_d_middle_school_or_junior_hig,,text,"Hobby or Activity #1
Start date:

<i>*Some hobbies may have been present during the entire time period and so start and end would be the same as the time period in question. However, they could have really gotten into one hobby for part of the time period (e.g. for just a few months), in which case the start and end date could be different.)</i>",,,date_ymd,,,y,"[lci_d5_count] >= 1",y,,,,,
lci_d5ii_1,life_chart_interview_d_middle_school_or_junior_hig,,text,"Hobby or Activity #1
End date:",,,date_ymd,,,y,"[lci_d5_count] >= 1",y,,,,,
lci_d5iii_1,life_chart_interview_d_middle_school_or_junior_hig,,text,"Hobby or Activity #1
Type:",,,,,,,"[lci_d5_count] >= 1",,,,,,
lci_d5i_2,life_chart_interview_d_middle_school_or_junior_hig,,text,"Hobby or Activity #2
Start date:

<i>*Some hobbies may have been present during the entire time period and so start and end would be the same as the time period in question. However, they could have really gotten into one hobby for part of the time period (e.g. for just a few months), in which case the start and end date could be different.)</i>",,,date_ymd,,,y,"[lci_d5_count] >= 2",y,,,,,
lci_d5ii_2,life_chart_interview_d_middle_school_or_junior_hig,,text,"Hobby or Activity #2
End date:",,,date_ymd,,,y,"[lci_d5_count] >= 2",y,,,,,
lci_d5iii_2,life_chart_interview_d_middle_school_or_junior_hig,,text,"Hobby or Activity #2
Type:",,,,,,,"[lci_d5_count] >= 2",,,,,,
lci_d5i_3,life_chart_interview_d_middle_school_or_junior_hig,,text,"Hobby or Activity #3
Start date:

<i>*Some hobbies may have been present during the entire time period and so start and end would be the same as the time period in question. However, they could have really gotten into one hobby for part of the time period (e.g. for just a few months), in which case the start and end date could be different.)</i>",,,date_ymd,,,y,"[lci_d5_count] >= 3",y,,,,,
lci_d5ii_3,life_chart_interview_d_middle_school_or_junior_hig,,text,"Hobby or Activity #3
End date:",,,date_ymd,,,y,"[lci_d5_count] >= 3",y,,,,,
lci_d5iii_3,life_chart_interview_d_middle_school_or_junior_hig,,text,"Hobby or Activity #3
Type:",,,,,,,"[lci_d5_count] >= 3",,,,,,
lci_d5i_4,life_chart_interview_d_middle_school_or_junior_hig,,text,"Hobby or Activity #4
Start date:

<i>*Some hobbies may have been present during the entire time period and so start and end would be the same as the time period in question. However, they could have really gotten into one hobby for part of the time period (e.g. for just a few months), in which case the start and end date could be different.)</i>",,,date_ymd,,,y,"[lci_d5_count] >= 4",y,,,,,
lci_d5ii_4,life_chart_interview_d_middle_school_or_junior_hig,,text,"Hobby or Activity #4
End date:",,,date_ymd,,,y,"[lci_d5_count] >= 4",y,,,,,
lci_d5iii_4,life_chart_interview_d_middle_school_or_junior_hig,,text,"Hobby or Activity #4
Type:",,,,,,,"[lci_d5_count] >= 4",,,,,,
lci_d5i_5,life_chart_interview_d_middle_school_or_junior_hig,,text,"Hobby or Activity #5
Start date:

<i>*Some hobbies may have been present during the entire time period and so start and end would be the same as the time period in question. However, they could have really gotten into one hobby for part of the time period (e.g. for just a few months), in which case the start and end date could be different.)</i>",,,date_ymd,,,y,"[lci_d5_count] >= 5",y,,,,,
lci_d5ii_5,life_chart_interview_d_middle_school_or_junior_hig,,text,"Hobby or Activity #5
End date:",,,date_ymd,,,y,"[lci_d5_count] >= 5",y,,,,,
lci_d5iii_5,life_chart_interview_d_middle_school_or_junior_hig,,text,"Hobby or Activity #5
Type:",,,,,,,"[lci_d5_count] >= 5",,,,,,
lci_d5i_6,life_chart_interview_d_middle_school_or_junior_hig,,text,"Hobby or Activity #6
Start date:

<i>*Some hobbies may have been present during the entire time period and so start and end would be the same as the time period in question. However, they could have really gotten into one hobby for part of the time period (e.g. for just a few months), in which case the start and end date could be different.)</i>",,,date_ymd,,,y,"[lci_d5_count] >= 6",y,,,,,
lci_d5ii_6,life_chart_interview_d_middle_school_or_junior_hig,,text,"Hobby or Activity #6
End date:",,,date_ymd,,,y,"[lci_d5_count] >= 6",y,,,,,
lci_d5iii_6,life_chart_interview_d_middle_school_or_junior_hig,,text,"Hobby or Activity #6
Type:",,,,,,,"[lci_d5_count] >= 6",,,,,,
lci_d5i_7,life_chart_interview_d_middle_school_or_junior_hig,,text,"Hobby or Activity #7
Start date:

<i>*Some hobbies may have been present during the entire time period and so start and end would be the same as the time period in question. However, they could have really gotten into one hobby for part of the time period (e.g. for just a few months), in which case the start and end date could be different.)</i>",,,date_ymd,,,y,"[lci_d5_count] >= 7",y,,,,,
lci_d5ii_7,life_chart_interview_d_middle_school_or_junior_hig,,text,"Hobby or Activity #7
End date:",,,date_ymd,,,y,"[lci_d5_count] >= 7",y,,,,,
lci_d5iii_7,life_chart_interview_d_middle_school_or_junior_hig,,text,"Hobby or Activity #7
Type:",,,,,,,"[lci_d5_count] >= 7",,,,,,
lci_d5i_8,life_chart_interview_d_middle_school_or_junior_hig,,text,"Hobby or Activity #8
Start date:

<i>*Some hobbies may have been present during the entire time period and so start and end would be the same as the time period in question. However, they could have really gotten into one hobby for part of the time period (e.g. for just a few months), in which case the start and end date could be different.)</i>",,,date_ymd,,,y,"[lci_d5_count] >= 8",y,,,,,
lci_d5ii_8,life_chart_interview_d_middle_school_or_junior_hig,,text,"Hobby or Activity #8
End date:",,,date_ymd,,,y,"[lci_d5_count] >= 8",y,,,,,
lci_d5iii_8,life_chart_interview_d_middle_school_or_junior_hig,,text,"Hobby or Activity #8
Type:",,,,,,,"[lci_d5_count] >= 8",,,,,,
lci_d5i_9,life_chart_interview_d_middle_school_or_junior_hig,,text,"Hobby or Activity #9
Start date:

<i>*Some hobbies may have been present during the entire time period and so start and end would be the same as the time period in question. However, they could have really gotten into one hobby for part of the time period (e.g. for just a few months), in which case the start and end date could be different.)</i>",,,date_ymd,,,y,"[lci_d5_count] >= 9",y,,,,,
lci_d5ii_9,life_chart_interview_d_middle_school_or_junior_hig,,text,"Hobby or Activity #9
End date:",,,date_ymd,,,y,"[lci_d5_count] >= 9",y,,,,,
lci_d5iii_9,life_chart_interview_d_middle_school_or_junior_hig,,text,"Hobby or Activity #9
Type:",,,,,,,"[lci_d5_count] >= 9",,,,,,
lci_d6,life_chart_interview_d_middle_school_or_junior_hig,,yesno,"D6. Did you have a job or employment of any sort during this period?",,,,,,,,y,,,,,
lci_d6b_count,life_chart_interview_d_middle_school_or_junior_hig,,dropdown,"D6b#. Describe briefly the type of job, the dates you held that job, and whether it was part-time or full-time.

Count","0, 0 | 1, 1 | 2, 2 | 3, 3 | 4, 4 | 5, 5 | 6, 6 | 7, 7 | 8, 8 | 9, 9",,,,,,"[lci_d6] = '1'",y,,,,,
lci_d6bi_1,life_chart_interview_d_middle_school_or_junior_hig,,text,"Job #1
Start date:",,,date_ymd,,,y,"[lci_d6] = '1' and [lci_d6b_count] >= 1",y,,,,,
lci_d6bii_1,life_chart_interview_d_middle_school_or_junior_hig,,text,"Job #1
End date:",,,date_ymd,,,y,"[lci_d6] = '1' and [lci_d6b_count] >= 1",,,,,,
lci_d6biii_1,life_chart_interview_d_middle_school_or_junior_hig,,text,"Job #1
Description:",,,,,,,"[lci_d6] = '1' and [lci_d6b_count] >= 1",,,,,,
lci_d6biv_1,life_chart_interview_d_middle_school_or_junior_hig,,radio,"Job #1
Part-time/Full-time:","1, Part-time | 2, Full-time",,,,,,"[lci_d6] = '1' and [lci_d6b_count] >= 1",y,,,,,
lci_d6bi_2,life_chart_interview_d_middle_school_or_junior_hig,,text,"Job #2
Start date:",,,date_ymd,,,y,"[lci_d6] = '1' and [lci_d6b_count] >= 2",y,,,,,
lci_d6bii_2,life_chart_interview_d_middle_school_or_junior_hig,,text,"Job #2
End date:",,,date_ymd,,,y,"[lci_d6] = '1' and [lci_d6b_count] >= 2",,,,,,
lci_d6biii_2,life_chart_interview_d_middle_school_or_junior_hig,,text,"Job #2
Description:",,,,,,,"[lci_d6] = '1' and [lci_d6b_count] >= 2",,,,,,
lci_d6biv_2,life_chart_interview_d_middle_school_or_junior_hig,,radio,"Job #2
Part-time/Full-time:","1, Part-time | 2, Full-time",,,,,,"[lci_d6] = '1' and [lci_d6b_count] >= 2",y,,,,,
lci_d6bi_3,life_chart_interview_d_middle_school_or_junior_hig,,text,"Job #3
Start date:",,,date_ymd,,,y,"[lci_d6] = '1' and [lci_d6b_count] >= 3",y,,,,,
lci_d6bii_3,life_chart_interview_d_middle_school_or_junior_hig,,text,"Job #3
End date:",,,date_ymd,,,y,"[lci_d6] = '1' and [lci_d6b_count] >= 3",,,,,,
lci_d6biii_3,life_chart_interview_d_middle_school_or_junior_hig,,text,"Job #3
Description:",,,,,,,"[lci_d6] = '1' and [lci_d6b_count] >= 3",,,,,,
lci_d6biv_3,life_chart_interview_d_middle_school_or_junior_hig,,radio,"Job #3
Part-time/Full-time:","1, Part-time | 2, Full-time",,,,,,"[lci_d6] = '1' and [lci_d6b_count] >= 3",y,,,,,
lci_d6bi_4,life_chart_interview_d_middle_school_or_junior_hig,,text,"Job #4
Start date:",,,date_ymd,,,y,"[lci_d6] = '1' and [lci_d6b_count] >= 4",y,,,,,
lci_d6bii_4,life_chart_interview_d_middle_school_or_junior_hig,,text,"Job #4
End date:",,,date_ymd,,,y,"[lci_d6] = '1' and [lci_d6b_count] >= 4",,,,,,
lci_d6biii_4,life_chart_interview_d_middle_school_or_junior_hig,,text,"Job #4
Description:",,,,,,,"[lci_d6] = '1' and [lci_d6b_count] >= 4",,,,,,
lci_d6biv_4,life_chart_interview_d_middle_school_or_junior_hig,,radio,"Job #4
Part-time/Full-time:","1, Part-time | 2, Full-time",,,,,,"[lci_d6] = '1' and [lci_d6b_count] >= 4",y,,,,,
lci_d6bi_5,life_chart_interview_d_middle_school_or_junior_hig,,text,"Job #5
Start date:",,,date_ymd,,,y,"[lci_d6] = '1' and [lci_d6b_count] >= 5",y,,,,,
lci_d6bii_5,life_chart_interview_d_middle_school_or_junior_hig,,text,"Job #5
End date:",,,date_ymd,,,y,"[lci_d6] = '1' and [lci_d6b_count] >= 5",,,,,,
lci_d6biii_5,life_chart_interview_d_middle_school_or_junior_hig,,text,"Job #5
Description:",,,,,,,"[lci_d6] = '1' and [lci_d6b_count] >= 5",,,,,,
lci_d6biv_5,life_chart_interview_d_middle_school_or_junior_hig,,radio,"Job #5
Part-time/Full-time:","1, Part-time | 2, Full-time",,,,,,"[lci_d6] = '1' and [lci_d6b_count] >= 5",y,,,,,
lci_d6bi_6,life_chart_interview_d_middle_school_or_junior_hig,,text,"Job #6
Start date:",,,date_ymd,,,y,"[lci_d6] = '1' and [lci_d6b_count] >= 6",y,,,,,
lci_d6bii_6,life_chart_interview_d_middle_school_or_junior_hig,,text,"Job #6
End date:",,,date_ymd,,,y,"[lci_d6] = '1' and [lci_d6b_count] >= 6",,,,,,
lci_d6biii_6,life_chart_interview_d_middle_school_or_junior_hig,,text,"Job #6
Description:",,,,,,,"[lci_d6] = '1' and [lci_d6b_count] >= 6",,,,,,
lci_d6biv_6,life_chart_interview_d_middle_school_or_junior_hig,,radio,"Job #6
Part-time/Full-time:","1, Part-time | 2, Full-time",,,,,,"[lci_d6] = '1' and [lci_d6b_count] >= 6",y,,,,,
lci_d6bi_7,life_chart_interview_d_middle_school_or_junior_hig,,text,"Job #7
Start date:",,,date_ymd,,,y,"[lci_d6] = '1' and [lci_d6b_count] >= 7",y,,,,,
lci_d6bii_7,life_chart_interview_d_middle_school_or_junior_hig,,text,"Job #7
End date:",,,date_ymd,,,y,"[lci_d6] = '1' and [lci_d6b_count] >= 7",,,,,,
lci_d6biii_7,life_chart_interview_d_middle_school_or_junior_hig,,text,"Job #7
Description:",,,,,,,"[lci_d6] = '1' and [lci_d6b_count] >= 7",,,,,,
lci_d6biv_7,life_chart_interview_d_middle_school_or_junior_hig,,radio,"Job #7
Part-time/Full-time:","1, Part-time | 2, Full-time",,,,,,"[lci_d6] = '1' and [lci_d6b_count] >= 7",y,,,,,
lci_d6bi_8,life_chart_interview_d_middle_school_or_junior_hig,,text,"Job #8
Start date:",,,date_ymd,,,y,"[lci_d6] = '1' and [lci_d6b_count] >= 8",y,,,,,
lci_d6bii_8,life_chart_interview_d_middle_school_or_junior_hig,,text,"Job #8
End date:",,,date_ymd,,,y,"[lci_d6] = '1' and [lci_d6b_count] >= 8",,,,,,
lci_d6biii_8,life_chart_interview_d_middle_school_or_junior_hig,,text,"Job #8
Description:",,,,,,,"[lci_d6] = '1' and [lci_d6b_count] >= 8",,,,,,
lci_d6biv_8,life_chart_interview_d_middle_school_or_junior_hig,,radio,"Job #8
Part-time/Full-time:","1, Part-time | 2, Full-time",,,,,,"[lci_d6] = '1' and [lci_d6b_count] >= 8",y,,,,,
lci_d6bi_9,life_chart_interview_d_middle_school_or_junior_hig,,text,"Job #9
Start date:",,,date_ymd,,,y,"[lci_d6] = '1' and [lci_d6b_count] >= 9",y,,,,,
lci_d6bii_9,life_chart_interview_d_middle_school_or_junior_hig,,text,"Job #9
End date:",,,date_ymd,,,y,"[lci_d6] = '1' and [lci_d6b_count] >= 9",,,,,,
lci_d6biii_9,life_chart_interview_d_middle_school_or_junior_hig,,text,"Job #9
Description:",,,,,,,"[lci_d6] = '1' and [lci_d6b_count] >= 9",,,,,,
lci_d6biv_9,life_chart_interview_d_middle_school_or_junior_hig,,radio,"Job #9
Part-time/Full-time:","1, Part-time | 2, Full-time",,,,,,"[lci_d6] = '1' and [lci_d6b_count] >= 9",y,,,,,
lci_d7_count,life_chart_interview_d_middle_school_or_junior_hig,,dropdown,"D7#. What individuals were you closest to during this time? (for example, friends, family, romantic relationships)

Count","0, 0 | 1, 1 | 2, 2 | 3, 3 | 4, 4 | 5, 5 | 6, 6 | 7, 7 | 8, 8 | 9, 9",,,,,,,y,,,,,
lci_d7i_1,life_chart_interview_d_middle_school_or_junior_hig,,text,"Person #1
Start date:",,,date_ymd,,,y,"[lci_d7_count] >= 1",y,,,,,
lci_d7ii_1,life_chart_interview_d_middle_school_or_junior_hig,,text,"Person #1
End date:",,,date_ymd,,,y,"[lci_d7_count] >= 1",y,,,,,
lci_d7iii_1,life_chart_interview_d_middle_school_or_junior_hig,,text,"Person #1
Relationship:

<i>*Relationship to person could be ""mother"", ""father"", ""brother"", ""neighbor"", ""friend from school"", etc.</i>",,,,,,,"[lci_d7_count] >= 1",,,,,,
lci_d7i_2,life_chart_interview_d_middle_school_or_junior_hig,,text,"Person #2
Start date:",,,date_ymd,,,y,"[lci_d7_count] >= 2",y,,,,,
lci_d7ii_2,life_chart_interview_d_middle_school_or_junior_hig,,text,"Person #2
End date:",,,date_ymd,,,y,"[lci_d7_count] >= 2",y,,,,,
lci_d7iii_2,life_chart_interview_d_middle_school_or_junior_hig,,text,"Person #2
Relationship:

<i>*Relationship to person could be ""mother"", ""father"", ""brother"", ""neighbor"", ""friend from school"", etc.</i>",,,,,,,"[lci_d7_count] >= 2",,,,,,
lci_d7i_3,life_chart_interview_d_middle_school_or_junior_hig,,text,"Person #3
Start date:",,,date_ymd,,,y,"[lci_d7_count] >= 3",y,,,,,
lci_d7ii_3,life_chart_interview_d_middle_school_or_junior_hig,,text,"Person #3
End date:",,,date_ymd,,,y,"[lci_d7_count] >= 3",y,,,,,
lci_d7iii_3,life_chart_interview_d_middle_school_or_junior_hig,,text,"Person #3
Relationship:

<i>*Relationship to person could be ""mother"", ""father"", ""brother"", ""neighbor"", ""friend from school"", etc.</i>",,,,,,,"[lci_d7_count] >= 3",,,,,,
lci_d7i_4,life_chart_interview_d_middle_school_or_junior_hig,,text,"Person #4
Start date:",,,date_ymd,,,y,"[lci_d7_count] >= 4",y,,,,,
lci_d7ii_4,life_chart_interview_d_middle_school_or_junior_hig,,text,"Person #4
End date:",,,date_ymd,,,y,"[lci_d7_count] >= 4",y,,,,,
lci_d7iii_4,life_chart_interview_d_middle_school_or_junior_hig,,text,"Person #4
Relationship:

<i>*Relationship to person could be ""mother"", ""father"", ""brother"", ""neighbor"", ""friend from school"", etc.</i>",,,,,,,"[lci_d7_count] >= 4",,,,,,
lci_d7i_5,life_chart_interview_d_middle_school_or_junior_hig,,text,"Person #5
Start date:",,,date_ymd,,,y,"[lci_d7_count] >= 5",y,,,,,
lci_d7ii_5,life_chart_interview_d_middle_school_or_junior_hig,,text,"Person #5
End date:",,,date_ymd,,,y,"[lci_d7_count] >= 5",y,,,,,
lci_d7iii_5,life_chart_interview_d_middle_school_or_junior_hig,,text,"Person #5
Relationship:

<i>*Relationship to person could be ""mother"", ""father"", ""brother"", ""neighbor"", ""friend from school"", etc.</i>",,,,,,,"[lci_d7_count] >= 5",,,,,,
lci_d7i_6,life_chart_interview_d_middle_school_or_junior_hig,,text,"Person #6
Start date:",,,date_ymd,,,y,"[lci_d7_count] >= 6",y,,,,,
lci_d7ii_6,life_chart_interview_d_middle_school_or_junior_hig,,text,"Person #6
End date:",,,date_ymd,,,y,"[lci_d7_count] >= 6",y,,,,,
lci_d7iii_6,life_chart_interview_d_middle_school_or_junior_hig,,text,"Person #6
Relationship:

<i>*Relationship to person could be ""mother"", ""father"", ""brother"", ""neighbor"", ""friend from school"", etc.</i>",,,,,,,"[lci_d7_count] >= 6",,,,,,
lci_d7i_7,life_chart_interview_d_middle_school_or_junior_hig,,text,"Person #7
Start date:",,,date_ymd,,,y,"[lci_d7_count] >= 7",y,,,,,
lci_d7ii_7,life_chart_interview_d_middle_school_or_junior_hig,,text,"Person #7
End date:",,,date_ymd,,,y,"[lci_d7_count] >= 7",y,,,,,
lci_d7iii_7,life_chart_interview_d_middle_school_or_junior_hig,,text,"Person #7
Relationship:

<i>*Relationship to person could be ""mother"", ""father"", ""brother"", ""neighbor"", ""friend from school"", etc.</i>",,,,,,,"[lci_d7_count] >= 7",,,,,,
lci_d7i_8,life_chart_interview_d_middle_school_or_junior_hig,,text,"Person #8
Start date:",,,date_ymd,,,y,"[lci_d7_count] >= 8",y,,,,,
lci_d7ii_8,life_chart_interview_d_middle_school_or_junior_hig,,text,"Person #8
End date:",,,date_ymd,,,y,"[lci_d7_count] >= 8",y,,,,,
lci_d7iii_8,life_chart_interview_d_middle_school_or_junior_hig,,text,"Person #8
Relationship:

<i>*Relationship to person could be ""mother"", ""father"", ""brother"", ""neighbor"", ""friend from school"", etc.</i>",,,,,,,"[lci_d7_count] >= 8",,,,,,
lci_d7i_9,life_chart_interview_d_middle_school_or_junior_hig,,text,"Person #9
Start date:",,,date_ymd,,,y,"[lci_d7_count] >= 9",y,,,,,
lci_d7ii_9,life_chart_interview_d_middle_school_or_junior_hig,,text,"Person #9
End date:",,,date_ymd,,,y,"[lci_d7_count] >= 9",y,,,,,
lci_d7iii_9,life_chart_interview_d_middle_school_or_junior_hig,,text,"Person #9
Relationship:

<i>*Relationship to person could be ""mother"", ""father"", ""brother"", ""neighbor"", ""friend from school"", etc.</i>",,,,,,,"[lci_d7_count] >= 9",,,,,,
lci_d8,life_chart_interview_d_middle_school_or_junior_hig,,yesno,"D8. Did you have any experiences with alcohol or drugs during this period?",,,,,,,,y,,,,,
lci_d8b_count,life_chart_interview_d_middle_school_or_junior_hig,,dropdown,"D8b#. Describe briefly (if known) what drugs you were exposed to and how.

Count","0, 0 | 1, 1 | 2, 2 | 3, 3 | 4, 4 | 5, 5 | 6, 6 | 7, 7 | 8, 8 | 9, 9",,,,,,"[lci_d8] = '1'",y,,,,,
lci_d8bi_1,life_chart_interview_d_middle_school_or_junior_hig,,text,"Drug #1
Start date:

<i>*If exposed to the same thing, in the same way, multiple times, include the start and stop dates of that entire time period (e.g., if exposed a few times per year, insert the start and end dates of that period).</i>",,,date_ymd,,,y,"[lci_d8] = '1' and [lci_d8b_count] >= 1",y,,,,,
lci_d8bii_1,life_chart_interview_d_middle_school_or_junior_hig,,text,"Drug #1
End date:",,,date_ymd,,,y,"[lci_d8] = '1' and [lci_d8b_count] >= 1",y,,,,,
lci_d8biii_1,life_chart_interview_d_middle_school_or_junior_hig,,text,"Drug #1
Name of Drug:",,,,,,,"[lci_d8] = '1' and [lci_d8b_count] >= 1",,,,,,
lci_d8biv_1,life_chart_interview_d_middle_school_or_junior_hig,,text,"Drug #1
Frequency:",,,,,,,"[lci_d8] = '1' and [lci_d8b_count] >= 1",,,,,,
lci_d8bv_1,life_chart_interview_d_middle_school_or_junior_hig,,radio,"Drug #1
How:","1, Direct intake | 2, Second-hand exposure (e.g., parents smoking around them as a child)",,,,,,"[lci_d8] = '1' and [lci_d8b_count] >= 1",y,,,,,
lci_d8bi_2,life_chart_interview_d_middle_school_or_junior_hig,,text,"Drug #2
Start date:

<i>*If exposed to the same thing, in the same way, multiple times, include the start and stop dates of that entire time period (e.g., if exposed a few times per year, insert the start and end dates of that period).</i>",,,date_ymd,,,y,"[lci_d8] = '1' and [lci_d8b_count] >= 2",y,,,,,
lci_d8bii_2,life_chart_interview_d_middle_school_or_junior_hig,,text,"Drug #2
End date:",,,date_ymd,,,y,"[lci_d8] = '1' and [lci_d8b_count] >= 2",y,,,,,
lci_d8biii_2,life_chart_interview_d_middle_school_or_junior_hig,,text,"Drug #2
Name of Drug:",,,,,,,"[lci_d8] = '1' and [lci_d8b_count] >= 2",,,,,,
lci_d8biv_2,life_chart_interview_d_middle_school_or_junior_hig,,text,"Drug #2
Frequency:",,,,,,,"[lci_d8] = '1' and [lci_d8b_count] >= 2",,,,,,
lci_d8bv_2,life_chart_interview_d_middle_school_or_junior_hig,,radio,"Drug #2
How:","1, Direct intake | 2, Second-hand exposure (e.g., parents smoking around them as a child)",,,,,,"[lci_d8] = '1' and [lci_d8b_count] >= 2",y,,,,,
lci_d8bi_3,life_chart_interview_d_middle_school_or_junior_hig,,text,"Drug #3
Start date:

<i>*If exposed to the same thing, in the same way, multiple times, include the start and stop dates of that entire time period (e.g., if exposed a few times per year, insert the start and end dates of that period).</i>",,,date_ymd,,,y,"[lci_d8] = '1' and [lci_d8b_count] >= 3",y,,,,,
lci_d8bii_3,life_chart_interview_d_middle_school_or_junior_hig,,text,"Drug #3
End date:",,,date_ymd,,,y,"[lci_d8] = '1' and [lci_d8b_count] >= 3",y,,,,,
lci_d8biii_3,life_chart_interview_d_middle_school_or_junior_hig,,text,"Drug #3
Name of Drug:",,,,,,,"[lci_d8] = '1' and [lci_d8b_count] >= 3",,,,,,
lci_d8biv_3,life_chart_interview_d_middle_school_or_junior_hig,,text,"Drug #3
Frequency:",,,,,,,"[lci_d8] = '1' and [lci_d8b_count] >= 3",,,,,,
lci_d8bv_3,life_chart_interview_d_middle_school_or_junior_hig,,radio,"Drug #3
How:","1, Direct intake | 2, Second-hand exposure (e.g., parents smoking around them as a child)",,,,,,"[lci_d8] = '1' and [lci_d8b_count] >= 3",y,,,,,
lci_d8bi_4,life_chart_interview_d_middle_school_or_junior_hig,,text,"Drug #4
Start date:

<i>*If exposed to the same thing, in the same way, multiple times, include the start and stop dates of that entire time period (e.g., if exposed a few times per year, insert the start and end dates of that period).</i>",,,date_ymd,,,y,"[lci_d8] = '1' and [lci_d8b_count] >= 4",y,,,,,
lci_d8bii_4,life_chart_interview_d_middle_school_or_junior_hig,,text,"Drug #4
End date:",,,date_ymd,,,y,"[lci_d8] = '1' and [lci_d8b_count] >= 4",y,,,,,
lci_d8biii_4,life_chart_interview_d_middle_school_or_junior_hig,,text,"Drug #4
Name of Drug:",,,,,,,"[lci_d8] = '1' and [lci_d8b_count] >= 4",,,,,,
lci_d8biv_4,life_chart_interview_d_middle_school_or_junior_hig,,text,"Drug #4
Frequency:",,,,,,,"[lci_d8] = '1' and [lci_d8b_count] >= 4",,,,,,
lci_d8bv_4,life_chart_interview_d_middle_school_or_junior_hig,,radio,"Drug #4
How:","1, Direct intake | 2, Second-hand exposure (e.g., parents smoking around them as a child)",,,,,,"[lci_d8] = '1' and [lci_d8b_count] >= 4",y,,,,,
lci_d8bi_5,life_chart_interview_d_middle_school_or_junior_hig,,text,"Drug #5
Start date:

<i>*If exposed to the same thing, in the same way, multiple times, include the start and stop dates of that entire time period (e.g., if exposed a few times per year, insert the start and end dates of that period).</i>",,,date_ymd,,,y,"[lci_d8] = '1' and [lci_d8b_count] >= 5",y,,,,,
lci_d8bii_5,life_chart_interview_d_middle_school_or_junior_hig,,text,"Drug #5
End date:",,,date_ymd,,,y,"[lci_d8] = '1' and [lci_d8b_count] >= 5",y,,,,,
lci_d8biii_5,life_chart_interview_d_middle_school_or_junior_hig,,text,"Drug #5
Name of Drug:",,,,,,,"[lci_d8] = '1' and [lci_d8b_count] >= 5",,,,,,
lci_d8biv_5,life_chart_interview_d_middle_school_or_junior_hig,,text,"Drug #5
Frequency:",,,,,,,"[lci_d8] = '1' and [lci_d8b_count] >= 5",,,,,,
lci_d8bv_5,life_chart_interview_d_middle_school_or_junior_hig,,radio,"Drug #5
How:","1, Direct intake | 2, Second-hand exposure (e.g., parents smoking around them as a child)",,,,,,"[lci_d8] = '1' and [lci_d8b_count] >= 5",y,,,,,
lci_d8bi_6,life_chart_interview_d_middle_school_or_junior_hig,,text,"Drug #6
Start date:

<i>*If exposed to the same thing, in the same way, multiple times, include the start and stop dates of that entire time period (e.g., if exposed a few times per year, insert the start and end dates of that period).</i>",,,date_ymd,,,y,"[lci_d8] = '1' and [lci_d8b_count] >= 6",y,,,,,
lci_d8bii_6,life_chart_interview_d_middle_school_or_junior_hig,,text,"Drug #6
End date:",,,date_ymd,,,y,"[lci_d8] = '1' and [lci_d8b_count] >= 6",y,,,,,
lci_d8biii_6,life_chart_interview_d_middle_school_or_junior_hig,,text,"Drug #6
Name of Drug:",,,,,,,"[lci_d8] = '1' and [lci_d8b_count] >= 6",,,,,,
lci_d8biv_6,life_chart_interview_d_middle_school_or_junior_hig,,text,"Drug #6
Frequency:",,,,,,,"[lci_d8] = '1' and [lci_d8b_count] >= 6",,,,,,
lci_d8bv_6,life_chart_interview_d_middle_school_or_junior_hig,,radio,"Drug #6
How:","1, Direct intake | 2, Second-hand exposure (e.g., parents smoking around them as a child)",,,,,,"[lci_d8] = '1' and [lci_d8b_count] >= 6",y,,,,,
lci_d8bi_7,life_chart_interview_d_middle_school_or_junior_hig,,text,"Drug #7
Start date:

<i>*If exposed to the same thing, in the same way, multiple times, include the start and stop dates of that entire time period (e.g., if exposed a few times per year, insert the start and end dates of that period).</i>",,,date_ymd,,,y,"[lci_d8] = '1' and [lci_d8b_count] >= 7",y,,,,,
lci_d8bii_7,life_chart_interview_d_middle_school_or_junior_hig,,text,"Drug #7
End date:",,,date_ymd,,,y,"[lci_d8] = '1' and [lci_d8b_count] >= 7",y,,,,,
lci_d8biii_7,life_chart_interview_d_middle_school_or_junior_hig,,text,"Drug #7
Name of Drug:",,,,,,,"[lci_d8] = '1' and [lci_d8b_count] >= 7",,,,,,
lci_d8biv_7,life_chart_interview_d_middle_school_or_junior_hig,,text,"Drug #7
Frequency:",,,,,,,"[lci_d8] = '1' and [lci_d8b_count] >= 7",,,,,,
lci_d8bv_7,life_chart_interview_d_middle_school_or_junior_hig,,radio,"Drug #7
How:","1, Direct intake | 2, Second-hand exposure (e.g., parents smoking around them as a child)",,,,,,"[lci_d8] = '1' and [lci_d8b_count] >= 7",y,,,,,
lci_d8bi_8,life_chart_interview_d_middle_school_or_junior_hig,,text,"Drug #8
Start date:

<i>*If exposed to the same thing, in the same way, multiple times, include the start and stop dates of that entire time period (e.g., if exposed a few times per year, insert the start and end dates of that period).</i>",,,date_ymd,,,y,"[lci_d8] = '1' and [lci_d8b_count] >= 8",y,,,,,
lci_d8bii_8,life_chart_interview_d_middle_school_or_junior_hig,,text,"Drug #8
End date:",,,date_ymd,,,y,"[lci_d8] = '1' and [lci_d8b_count] >= 8",y,,,,,
lci_d8biii_8,life_chart_interview_d_middle_school_or_junior_hig,,text,"Drug #8
Name of Drug:",,,,,,,"[lci_d8] = '1' and [lci_d8b_count] >= 8",,,,,,
lci_d8biv_8,life_chart_interview_d_middle_school_or_junior_hig,,text,"Drug #8
Frequency:",,,,,,,"[lci_d8] = '1' and [lci_d8b_count] >= 8",,,,,,
lci_d8bv_8,life_chart_interview_d_middle_school_or_junior_hig,,radio,"Drug #8
How:","1, Direct intake | 2, Second-hand exposure (e.g., parents smoking around them as a child)",,,,,,"[lci_d8] = '1' and [lci_d8b_count] >= 8",y,,,,,
lci_d8bi_9,life_chart_interview_d_middle_school_or_junior_hig,,text,"Drug #9
Start date:

<i>*If exposed to the same thing, in the same way, multiple times, include the start and stop dates of that entire time period (e.g., if exposed a few times per year, insert the start and end dates of that period).</i>",,,date_ymd,,,y,"[lci_d8] = '1' and [lci_d8b_count] >= 9",y,,,,,
lci_d8bii_9,life_chart_interview_d_middle_school_or_junior_hig,,text,"Drug #9
End date:",,,date_ymd,,,y,"[lci_d8] = '1' and [lci_d8b_count] >= 9",y,,,,,
lci_d8biii_9,life_chart_interview_d_middle_school_or_junior_hig,,text,"Drug #9
Name of Drug:",,,,,,,"[lci_d8] = '1' and [lci_d8b_count] >= 9",,,,,,
lci_d8biv_9,life_chart_interview_d_middle_school_or_junior_hig,,text,"Drug #9
Frequency:",,,,,,,"[lci_d8] = '1' and [lci_d8b_count] >= 9",,,,,,
lci_d8bv_9,life_chart_interview_d_middle_school_or_junior_hig,,radio,"Drug #9
How:","1, Direct intake | 2, Second-hand exposure (e.g., parents smoking around them as a child)",,,,,,"[lci_d8] = '1' and [lci_d8b_count] >= 9",y,,,,,
lci_d9,life_chart_interview_d_middle_school_or_junior_hig,,yesno,"D9. Did you see a mental health professional for any reason? (For example, for mood or anxiety, behavior problems, learning difficulties, to help with adjustment to divorce, etc.)",,,,,,,,y,,,,,
lci_d9b_count,life_chart_interview_d_middle_school_or_junior_hig,,dropdown,"D9b#. Describe briefly each period in which you were seen by a mental health professional.

Count","0, 0 | 1, 1 | 2, 2 | 3, 3 | 4, 4 | 5, 5 | 6, 6 | 7, 7 | 8, 8 | 9, 9",,,,,,"[lci_d9] = '1'",,,,,,
lci_d9bi_1,life_chart_interview_d_middle_school_or_junior_hig,,text,"Period #1
Start date:",,,date_ymd,,,y,"[lci_d9] = '1'  and [lci_d9b_count] >= 1",y,,,,,
lci_d9bii_1,life_chart_interview_d_middle_school_or_junior_hig,,text,"Period #1
End date:",,,date_ymd,,,y,"[lci_d9] = '1'  and [lci_d9b_count] >= 1",y,,,,,
lci_d9biii_1,life_chart_interview_d_middle_school_or_junior_hig,,text,"Period #1
Reason for going:

<i>*Reason for going could include ""mood"" or ""behavior"" while the type of treatment may include ""family therapy"" or ""medications"", etc.</i>",,,,,,,"[lci_d9] = '1'  and [lci_d9b_count] >= 1",,,,,,
lci_d9biv_1,life_chart_interview_d_middle_school_or_junior_hig,,text,"Period #1
Type of treatment:",,,,,,,"[lci_d9] = '1'  and [lci_d9b_count] >= 1",,,,,,
lci_d9bi_2,life_chart_interview_d_middle_school_or_junior_hig,,text,"Period #2
Start date:",,,date_ymd,,,y,"[lci_d9] = '1'  and [lci_d9b_count] >= 2",y,,,,,
lci_d9bii_2,life_chart_interview_d_middle_school_or_junior_hig,,text,"Period #2
End date:",,,date_ymd,,,y,"[lci_d9] = '1'  and [lci_d9b_count] >= 2",y,,,,,
lci_d9biii_2,life_chart_interview_d_middle_school_or_junior_hig,,text,"Period #2
Reason for going:

<i>*Reason for going could include ""mood"" or ""behavior"" while the type of treatment may include ""family therapy"" or ""medications"", etc.</i>",,,,,,,"[lci_d9] = '1'  and [lci_d9b_count] >= 2",,,,,,
lci_d9biv_2,life_chart_interview_d_middle_school_or_junior_hig,,text,"Period #2
Type of treatment:",,,,,,,"[lci_d9] = '1'  and [lci_d9b_count] >= 2",,,,,,
lci_d9bi_3,life_chart_interview_d_middle_school_or_junior_hig,,text,"Period #3
Start date:",,,date_ymd,,,y,"[lci_d9] = '1'  and [lci_d9b_count] >= 3",y,,,,,
lci_d9bii_3,life_chart_interview_d_middle_school_or_junior_hig,,text,"Period #3
End date:",,,date_ymd,,,y,"[lci_d9] = '1'  and [lci_d9b_count] >= 3",y,,,,,
lci_d9biii_3,life_chart_interview_d_middle_school_or_junior_hig,,text,"Period #3
Reason for going:

<i>*Reason for going could include ""mood"" or ""behavior"" while the type of treatment may include ""family therapy"" or ""medications"", etc.</i>",,,,,,,"[lci_d9] = '1'  and [lci_d9b_count] >= 3",,,,,,
lci_d9biv_3,life_chart_interview_d_middle_school_or_junior_hig,,text,"Period #3
Type of treatment:",,,,,,,"[lci_d9] = '1'  and [lci_d9b_count] >= 3",,,,,,
lci_d9bi_4,life_chart_interview_d_middle_school_or_junior_hig,,text,"Period #4
Start date:",,,date_ymd,,,y,"[lci_d9] = '1'  and [lci_d9b_count] >= 4",y,,,,,
lci_d9bii_4,life_chart_interview_d_middle_school_or_junior_hig,,text,"Period #4
End date:",,,date_ymd,,,y,"[lci_d9] = '1'  and [lci_d9b_count] >= 4",y,,,,,
lci_d9biii_4,life_chart_interview_d_middle_school_or_junior_hig,,text,"Period #4
Reason for going:

<i>*Reason for going could include ""mood"" or ""behavior"" while the type of treatment may include ""family therapy"" or ""medications"", etc.</i>",,,,,,,"[lci_d9] = '1'  and [lci_d9b_count] >= 4",,,,,,
lci_d9biv_4,life_chart_interview_d_middle_school_or_junior_hig,,text,"Period #4
Type of treatment:",,,,,,,"[lci_d9] = '1'  and [lci_d9b_count] >= 4",,,,,,
lci_d9bi_5,life_chart_interview_d_middle_school_or_junior_hig,,text,"Period #5
Start date:",,,date_ymd,,,y,"[lci_d9] = '1'  and [lci_d9b_count] >= 5",y,,,,,
lci_d9bii_5,life_chart_interview_d_middle_school_or_junior_hig,,text,"Period #5
End date:",,,date_ymd,,,y,"[lci_d9] = '1'  and [lci_d9b_count] >= 5",y,,,,,
lci_d9biii_5,life_chart_interview_d_middle_school_or_junior_hig,,text,"Period #5
Reason for going:

<i>*Reason for going could include ""mood"" or ""behavior"" while the type of treatment may include ""family therapy"" or ""medications"", etc.</i>",,,,,,,"[lci_d9] = '1'  and [lci_d9b_count] >= 5",,,,,,
lci_d9biv_5,life_chart_interview_d_middle_school_or_junior_hig,,text,"Period #5
Type of treatment:",,,,,,,"[lci_d9] = '1'  and [lci_d9b_count] >= 5",,,,,,
lci_d9bi_6,life_chart_interview_d_middle_school_or_junior_hig,,text,"Period #6
Start date:",,,date_ymd,,,y,"[lci_d9] = '1'  and [lci_d9b_count] >= 6",y,,,,,
lci_d9bii_6,life_chart_interview_d_middle_school_or_junior_hig,,text,"Period #6
End date:",,,date_ymd,,,y,"[lci_d9] = '1'  and [lci_d9b_count] >= 6",y,,,,,
lci_d9biii_6,life_chart_interview_d_middle_school_or_junior_hig,,text,"Period #6
Reason for going:

<i>*Reason for going could include ""mood"" or ""behavior"" while the type of treatment may include ""family therapy"" or ""medications"", etc.</i>",,,,,,,"[lci_d9] = '1'  and [lci_d9b_count] >= 6",,,,,,
lci_d9biv_6,life_chart_interview_d_middle_school_or_junior_hig,,text,"Period #6
Type of treatment:",,,,,,,"[lci_d9] = '1'  and [lci_d9b_count] >= 6",,,,,,
lci_d9bi_7,life_chart_interview_d_middle_school_or_junior_hig,,text,"Period #7
Start date:",,,date_ymd,,,y,"[lci_d9] = '1'  and [lci_d9b_count] >= 7",y,,,,,
lci_d9bii_7,life_chart_interview_d_middle_school_or_junior_hig,,text,"Period #7
End date:",,,date_ymd,,,y,"[lci_d9] = '1'  and [lci_d9b_count] >= 7",y,,,,,
lci_d9biii_7,life_chart_interview_d_middle_school_or_junior_hig,,text,"Period #7
Reason for going:

<i>*Reason for going could include ""mood"" or ""behavior"" while the type of treatment may include ""family therapy"" or ""medications"", etc.</i>",,,,,,,"[lci_d9] = '1'  and [lci_d9b_count] >= 7",,,,,,
lci_d9biv_7,life_chart_interview_d_middle_school_or_junior_hig,,text,"Period #7
Type of treatment:",,,,,,,"[lci_d9] = '1'  and [lci_d9b_count] >= 7",,,,,,
lci_d9bi_8,life_chart_interview_d_middle_school_or_junior_hig,,text,"Period #8
Start date:",,,date_ymd,,,y,"[lci_d9] = '1'  and [lci_d9b_count] >= 8",y,,,,,
lci_d9bii_8,life_chart_interview_d_middle_school_or_junior_hig,,text,"Period #8
End date:",,,date_ymd,,,y,"[lci_d9] = '1'  and [lci_d9b_count] >= 8",y,,,,,
lci_d9biii_8,life_chart_interview_d_middle_school_or_junior_hig,,text,"Period #8
Reason for going:

<i>*Reason for going could include ""mood"" or ""behavior"" while the type of treatment may include ""family therapy"" or ""medications"", etc.</i>",,,,,,,"[lci_d9] = '1'  and [lci_d9b_count] >= 8",,,,,,
lci_d9biv_8,life_chart_interview_d_middle_school_or_junior_hig,,text,"Period #8
Type of treatment:",,,,,,,"[lci_d9] = '1'  and [lci_d9b_count] >= 8",,,,,,
lci_d9bi_9,life_chart_interview_d_middle_school_or_junior_hig,,text,"Period #9
Start date:",,,date_ymd,,,y,"[lci_d9] = '1'  and [lci_d9b_count] >= 9",y,,,,,
lci_d9bii_9,life_chart_interview_d_middle_school_or_junior_hig,,text,"Period #9
End date:",,,date_ymd,,,y,"[lci_d9] = '1'  and [lci_d9b_count] >= 9",y,,,,,
lci_d9biii_9,life_chart_interview_d_middle_school_or_junior_hig,,text,"Period #9
Reason for going:

<i>*Reason for going could include ""mood"" or ""behavior"" while the type of treatment may include ""family therapy"" or ""medications"", etc.</i>",,,,,,,"[lci_d9] = '1'  and [lci_d9b_count] >= 9",,,,,,
lci_d9biv_9,life_chart_interview_d_middle_school_or_junior_hig,,text,"Period #9
Type of treatment:",,,,,,,"[lci_d9] = '1'  and [lci_d9b_count] >= 9",,,,,,
lci_d10,life_chart_interview_d_middle_school_or_junior_hig,,yesno,"D10. Did anything change with your family during this period? (for example, were there births or adoptions of siblings, did your parents get married or divorced, etc.)",,,,,,,,y,,,,,
lci_d10b_count,life_chart_interview_d_middle_school_or_junior_hig,,dropdown,"D10b#. Please provide a brief description of these changes and the approximate date each occurred. In addition, we would like you estimate how your mood was (on the scale of 1-10) in response to this change.

Count","0, 0 | 1, 1 | 2, 2 | 3, 3 | 4, 4 | 5, 5 | 6, 6 | 7, 7 | 8, 8 | 9, 9",,,,,,"[lci_d10] = '1'",y,,,,,
lci_d10bi_1,life_chart_interview_d_middle_school_or_junior_hig,,text,"Event #1
Start Date:

<i>*Most of these will only have one date to enter (e.g., date of sibling birth, date of divorce, etc.) but we are putting a start and end date possibility for the sake of consistency.</i>",,,date_ymd,,,y,"[lci_d10] = '1' and [lci_d10b_count] >= 1",y,,,,,
lci_d10bii_1,life_chart_interview_d_middle_school_or_junior_hig,,text,"Event #1
End Date:",,,date_ymd,,,y,"[lci_d10] = '1' and [lci_d10b_count] >= 1",,,,,,
lci_d10biii_1,life_chart_interview_d_middle_school_or_junior_hig,,text,"Event #1
Event Type:

<i>*For event type, enter brief explanation, such as ""Parent remarried"", or ""Sister was born"".</i>",,,,,,,"[lci_d10] = '1' and [lci_d10b_count] >= 1",y,,,,,
lci_d10biv_1,life_chart_interview_d_middle_school_or_junior_hig,,dropdown,"Event #1
Mood rating:","1, 1 | 2, 2 | 3, 3 | 4, 4 | 5, 5 | 6, 6 | 7, 7 | 8, 8 | 9, 9 | 10, 10",,,,,,"[lci_d10] = '1' and [lci_d10b_count] >= 1",y,,,,,
lci_d10bi_2,life_chart_interview_d_middle_school_or_junior_hig,,text,"Event #2
Start Date:

<i>*Most of these will only have one date to enter (e.g., date of sibling birth, date of divorce, etc.) but we are putting a start and end date possibility for the sake of consistency.</i>",,,date_ymd,,,y,"[lci_d10] = '1' and [lci_d10b_count] >= 2",y,,,,,
lci_d10bii_2,life_chart_interview_d_middle_school_or_junior_hig,,text,"Event #2
End Date:",,,date_ymd,,,y,"[lci_d10] = '1' and [lci_d10b_count] >= 2",,,,,,
lci_d10biii_2,life_chart_interview_d_middle_school_or_junior_hig,,text,"Event #2
Event Type:

<i>*For event type, enter brief explanation, such as ""Parent remarried"", or ""Sister was born"".</i>",,,,,,,"[lci_d10] = '1' and [lci_d10b_count] >= 2",y,,,,,
lci_d10biv_2,life_chart_interview_d_middle_school_or_junior_hig,,dropdown,"Event #2
Mood rating:","1, 1 | 2, 2 | 3, 3 | 4, 4 | 5, 5 | 6, 6 | 7, 7 | 8, 8 | 9, 9 | 10, 10",,,,,,"[lci_d10] = '1' and [lci_d10b_count] >= 2",y,,,,,
lci_d10bi_3,life_chart_interview_d_middle_school_or_junior_hig,,text,"Event #3
Start Date:

<i>*Most of these will only have one date to enter (e.g., date of sibling birth, date of divorce, etc.) but we are putting a start and end date possibility for the sake of consistency.</i>",,,date_ymd,,,y,"[lci_d10] = '1' and [lci_d10b_count] >= 3",y,,,,,
lci_d10bii_3,life_chart_interview_d_middle_school_or_junior_hig,,text,"Event #3
End Date:",,,date_ymd,,,y,"[lci_d10] = '1' and [lci_d10b_count] >= 3",,,,,,
lci_d10biii_3,life_chart_interview_d_middle_school_or_junior_hig,,text,"Event #3
Event Type:

<i>*For event type, enter brief explanation, such as ""Parent remarried"", or ""Sister was born"".</i>",,,,,,,"[lci_d10] = '1' and [lci_d10b_count] >= 3",y,,,,,
lci_d10biv_3,life_chart_interview_d_middle_school_or_junior_hig,,dropdown,"Event #3
Mood rating:","1, 1 | 2, 2 | 3, 3 | 4, 4 | 5, 5 | 6, 6 | 7, 7 | 8, 8 | 9, 9 | 10, 10",,,,,,"[lci_d10] = '1' and [lci_d10b_count] >= 3",y,,,,,
lci_d10bi_4,life_chart_interview_d_middle_school_or_junior_hig,,text,"Event #4
Start Date:

<i>*Most of these will only have one date to enter (e.g., date of sibling birth, date of divorce, etc.) but we are putting a start and end date possibility for the sake of consistency.</i>",,,date_ymd,,,y,"[lci_d10] = '1' and [lci_d10b_count] >= 4",y,,,,,
lci_d10bii_4,life_chart_interview_d_middle_school_or_junior_hig,,text,"Event #4
End Date:",,,date_ymd,,,y,"[lci_d10] = '1' and [lci_d10b_count] >= 4",,,,,,
lci_d10biii_4,life_chart_interview_d_middle_school_or_junior_hig,,text,"Event #4
Event Type:

<i>*For event type, enter brief explanation, such as ""Parent remarried"", or ""Sister was born"".</i>",,,,,,,"[lci_d10] = '1' and [lci_d10b_count] >= 4",y,,,,,
lci_d10biv_4,life_chart_interview_d_middle_school_or_junior_hig,,dropdown,"Event #4
Mood rating:","1, 1 | 2, 2 | 3, 3 | 4, 4 | 5, 5 | 6, 6 | 7, 7 | 8, 8 | 9, 9 | 10, 10",,,,,,"[lci_d10] = '1' and [lci_d10b_count] >= 4",y,,,,,
lci_d10bi_5,life_chart_interview_d_middle_school_or_junior_hig,,text,"Event #5
Start Date:

<i>*Most of these will only have one date to enter (e.g., date of sibling birth, date of divorce, etc.) but we are putting a start and end date possibility for the sake of consistency.</i>",,,date_ymd,,,y,"[lci_d10] = '1' and [lci_d10b_count] >= 5",y,,,,,
lci_d10bii_5,life_chart_interview_d_middle_school_or_junior_hig,,text,"Event #5
End Date:",,,date_ymd,,,y,"[lci_d10] = '1' and [lci_d10b_count] >= 5",,,,,,
lci_d10biii_5,life_chart_interview_d_middle_school_or_junior_hig,,text,"Event #5
Event Type:

<i>*For event type, enter brief explanation, such as ""Parent remarried"", or ""Sister was born"".</i>",,,,,,,"[lci_d10] = '1' and [lci_d10b_count] >= 5",y,,,,,
lci_d10biv_5,life_chart_interview_d_middle_school_or_junior_hig,,dropdown,"Event #5
Mood rating:","1, 1 | 2, 2 | 3, 3 | 4, 4 | 5, 5 | 6, 6 | 7, 7 | 8, 8 | 9, 9 | 10, 10",,,,,,"[lci_d10] = '1' and [lci_d10b_count] >= 5",y,,,,,
lci_d10bi_6,life_chart_interview_d_middle_school_or_junior_hig,,text,"Event #6
Start Date:

<i>*Most of these will only have one date to enter (e.g., date of sibling birth, date of divorce, etc.) but we are putting a start and end date possibility for the sake of consistency.</i>",,,date_ymd,,,y,"[lci_d10] = '1' and [lci_d10b_count] >= 6",y,,,,,
lci_d10bii_6,life_chart_interview_d_middle_school_or_junior_hig,,text,"Event #6
End Date:",,,date_ymd,,,y,"[lci_d10] = '1' and [lci_d10b_count] >= 6",,,,,,
lci_d10biii_6,life_chart_interview_d_middle_school_or_junior_hig,,text,"Event #6
Event Type:

<i>*For event type, enter brief explanation, such as ""Parent remarried"", or ""Sister was born"".</i>",,,,,,,"[lci_d10] = '1' and [lci_d10b_count] >= 6",y,,,,,
lci_d10biv_6,life_chart_interview_d_middle_school_or_junior_hig,,dropdown,"Event #6
Mood rating:","1, 1 | 2, 2 | 3, 3 | 4, 4 | 5, 5 | 6, 6 | 7, 7 | 8, 8 | 9, 9 | 10, 10",,,,,,"[lci_d10] = '1' and [lci_d10b_count] >= 6",y,,,,,
lci_d10bi_7,life_chart_interview_d_middle_school_or_junior_hig,,text,"Event #7
Start Date:

<i>*Most of these will only have one date to enter (e.g., date of sibling birth, date of divorce, etc.) but we are putting a start and end date possibility for the sake of consistency.</i>",,,date_ymd,,,y,"[lci_d10] = '1' and [lci_d10b_count] >= 7",y,,,,,
lci_d10bii_7,life_chart_interview_d_middle_school_or_junior_hig,,text,"Event #7
End Date:",,,date_ymd,,,y,"[lci_d10] = '1' and [lci_d10b_count] >= 7",,,,,,
lci_d10biii_7,life_chart_interview_d_middle_school_or_junior_hig,,text,"Event #7
Event Type:

<i>*For event type, enter brief explanation, such as ""Parent remarried"", or ""Sister was born"".</i>",,,,,,,"[lci_d10] = '1' and [lci_d10b_count] >= 7",y,,,,,
lci_d10biv_7,life_chart_interview_d_middle_school_or_junior_hig,,dropdown,"Event #7
Mood rating:","1, 1 | 2, 2 | 3, 3 | 4, 4 | 5, 5 | 6, 6 | 7, 7 | 8, 8 | 9, 9 | 10, 10",,,,,,"[lci_d10] = '1' and [lci_d10b_count] >= 7",y,,,,,
lci_d10bi_8,life_chart_interview_d_middle_school_or_junior_hig,,text,"Event #8
Start Date:

<i>*Most of these will only have one date to enter (e.g., date of sibling birth, date of divorce, etc.) but we are putting a start and end date possibility for the sake of consistency.</i>",,,date_ymd,,,y,"[lci_d10] = '1' and [lci_d10b_count] >= 8",y,,,,,
lci_d10bii_8,life_chart_interview_d_middle_school_or_junior_hig,,text,"Event #8
End Date:",,,date_ymd,,,y,"[lci_d10] = '1' and [lci_d10b_count] >= 8",,,,,,
lci_d10biii_8,life_chart_interview_d_middle_school_or_junior_hig,,text,"Event #8
Event Type:

<i>*For event type, enter brief explanation, such as ""Parent remarried"", or ""Sister was born"".</i>",,,,,,,"[lci_d10] = '1' and [lci_d10b_count] >= 8",y,,,,,
lci_d10biv_8,life_chart_interview_d_middle_school_or_junior_hig,,dropdown,"Event #8
Mood rating:","1, 1 | 2, 2 | 3, 3 | 4, 4 | 5, 5 | 6, 6 | 7, 7 | 8, 8 | 9, 9 | 10, 10",,,,,,"[lci_d10] = '1' and [lci_d10b_count] >= 8",y,,,,,
lci_d10bi_9,life_chart_interview_d_middle_school_or_junior_hig,,text,"Event #9
Start Date:

<i>*Most of these will only have one date to enter (e.g., date of sibling birth, date of divorce, etc.) but we are putting a start and end date possibility for the sake of consistency.</i>",,,date_ymd,,,y,"[lci_d10] = '1' and [lci_d10b_count] >= 9",y,,,,,
lci_d10bii_9,life_chart_interview_d_middle_school_or_junior_hig,,text,"Event #9
End Date:",,,date_ymd,,,y,"[lci_d10] = '1' and [lci_d10b_count] >= 9",,,,,,
lci_d10biii_9,life_chart_interview_d_middle_school_or_junior_hig,,text,"Event #9
Event Type:

<i>*For event type, enter brief explanation, such as ""Parent remarried"", or ""Sister was born"".</i>",,,,,,,"[lci_d10] = '1' and [lci_d10b_count] >= 9",y,,,,,
lci_d10biv_9,life_chart_interview_d_middle_school_or_junior_hig,,dropdown,"Event #9
Mood rating:","1, 1 | 2, 2 | 3, 3 | 4, 4 | 5, 5 | 6, 6 | 7, 7 | 8, 8 | 9, 9 | 10, 10",,,,,,"[lci_d10] = '1' and [lci_d10b_count] >= 9",y,,,,,
lci_d11,life_chart_interview_d_middle_school_or_junior_hig,,yesno,"D11. Did any bad things happen during this period (for example, illnesses, deaths in the family, divorce, problems in the family, or a parent, relative or friend treating you badly)?",,,,,,,,y,,,,,
lci_d11b_count,life_chart_interview_d_middle_school_or_junior_hig,,dropdown,"D11b#. Describe briefly each bad event that happened and the approximate date each occurred. In addition, we would like you to estimate how your mood was (on the scale of (1-10) in response to each of these events.

Count","0, 0 | 1, 1 | 2, 2 | 3, 3 | 4, 4 | 5, 5 | 6, 6 | 7, 7 | 8, 8 | 9, 9",,,,,,"[lci_d11] = '1'",y,,,,,
lci_d11bi_1,life_chart_interview_d_middle_school_or_junior_hig,,text,"Event #1
Start date:

<i>*Some events may just have one date (e.g., the date someone died) while others may have a start and end date (e.g., abuse by a parent that lasted years).
*Please prompt them to also indicate any events they may have mentioned in other sections that did not include mood ratings. For example, if they would count one of their moves as stressful - this should be entered here as well. Changes to their family makeup are covered in the previous question, so no need to enter these.</i>",,,date_ymd,,,y,"[lci_d11] = '1' and [lci_d11b_count] >= 1",y,,,,,
lci_d11bii_1,life_chart_interview_d_middle_school_or_junior_hig,,text,"Event #1
End date:",,,date_ymd,,,y,"[lci_d11] = '1' and [lci_d11b_count] >= 1",,,,,,
lci_d11biii_1,life_chart_interview_d_middle_school_or_junior_hig,,text,"Event #1
Type:",,,,,,,"[lci_d11] = '1' and [lci_d11b_count] >= 1",,,,,,
lci_d11biv_1,life_chart_interview_d_middle_school_or_junior_hig,,dropdown,"Event #1
Mood Rating:","1, 1 | 2, 2 | 3, 3 | 4, 4 | 5, 5 | 6, 6 | 7, 7 | 8, 8 | 9, 9 | 10, 10",,,,,,"[lci_d11] = '1' and [lci_d11b_count] >= 1",y,,,,,
lci_d11bi_2,life_chart_interview_d_middle_school_or_junior_hig,,text,"Event #2
Start date:

<i>*Some events may just have one date (e.g., the date someone died) while others may have a start and end date (e.g., abuse by a parent that lasted years).
*Please prompt them to also indicate any events they may have mentioned in other sections that did not include mood ratings. For example, if they would count one of their moves as stressful - this should be entered here as well. Changes to their family makeup are covered in the previous question, so no need to enter these.</i>",,,date_ymd,,,y,"[lci_d11] = '1' and [lci_d11b_count] >= 2",y,,,,,
lci_d11bii_2,life_chart_interview_d_middle_school_or_junior_hig,,text,"Event #2
End date:",,,date_ymd,,,y,"[lci_d11] = '1' and [lci_d11b_count] >= 2",,,,,,
lci_d11biii_2,life_chart_interview_d_middle_school_or_junior_hig,,text,"Event #2
Type:",,,,,,,"[lci_d11] = '1' and [lci_d11b_count] >= 2",,,,,,
lci_d11biv_2,life_chart_interview_d_middle_school_or_junior_hig,,dropdown,"Event #2
Mood Rating:","1, 1 | 2, 2 | 3, 3 | 4, 4 | 5, 5 | 6, 6 | 7, 7 | 8, 8 | 9, 9 | 10, 10",,,,,,"[lci_d11] = '1' and [lci_d11b_count] >= 2",y,,,,,
lci_d11bi_3,life_chart_interview_d_middle_school_or_junior_hig,,text,"Event #3
Start date:

<i>*Some events may just have one date (e.g., the date someone died) while others may have a start and end date (e.g., abuse by a parent that lasted years).
*Please prompt them to also indicate any events they may have mentioned in other sections that did not include mood ratings. For example, if they would count one of their moves as stressful - this should be entered here as well. Changes to their family makeup are covered in the previous question, so no need to enter these.</i>",,,date_ymd,,,y,"[lci_d11] = '1' and [lci_d11b_count] >= 3",y,,,,,
lci_d11bii_3,life_chart_interview_d_middle_school_or_junior_hig,,text,"Event #3
End date:",,,date_ymd,,,y,"[lci_d11] = '1' and [lci_d11b_count] >= 3",,,,,,
lci_d11biii_3,life_chart_interview_d_middle_school_or_junior_hig,,text,"Event #3
Type:",,,,,,,"[lci_d11] = '1' and [lci_d11b_count] >= 3",,,,,,
lci_d11biv_3,life_chart_interview_d_middle_school_or_junior_hig,,dropdown,"Event #3
Mood Rating:","1, 1 | 2, 2 | 3, 3 | 4, 4 | 5, 5 | 6, 6 | 7, 7 | 8, 8 | 9, 9 | 10, 10",,,,,,"[lci_d11] = '1' and [lci_d11b_count] >= 3",y,,,,,
lci_d11bi_4,life_chart_interview_d_middle_school_or_junior_hig,,text,"Event #4
Start date:

<i>*Some events may just have one date (e.g., the date someone died) while others may have a start and end date (e.g., abuse by a parent that lasted years).
*Please prompt them to also indicate any events they may have mentioned in other sections that did not include mood ratings. For example, if they would count one of their moves as stressful - this should be entered here as well. Changes to their family makeup are covered in the previous question, so no need to enter these.</i>",,,date_ymd,,,y,"[lci_d11] = '1' and [lci_d11b_count] >= 4",y,,,,,
lci_d11bii_4,life_chart_interview_d_middle_school_or_junior_hig,,text,"Event #4
End date:",,,date_ymd,,,y,"[lci_d11] = '1' and [lci_d11b_count] >= 4",,,,,,
lci_d11biii_4,life_chart_interview_d_middle_school_or_junior_hig,,text,"Event #4
Type:",,,,,,,"[lci_d11] = '1' and [lci_d11b_count] >= 4",,,,,,
lci_d11biv_4,life_chart_interview_d_middle_school_or_junior_hig,,dropdown,"Event #4
Mood Rating:","1, 1 | 2, 2 | 3, 3 | 4, 4 | 5, 5 | 6, 6 | 7, 7 | 8, 8 | 9, 9 | 10, 10",,,,,,"[lci_d11] = '1' and [lci_d11b_count] >= 4",y,,,,,
lci_d11bi_5,life_chart_interview_d_middle_school_or_junior_hig,,text,"Event #5
Start date:

<i>*Some events may just have one date (e.g., the date someone died) while others may have a start and end date (e.g., abuse by a parent that lasted years).
*Please prompt them to also indicate any events they may have mentioned in other sections that did not include mood ratings. For example, if they would count one of their moves as stressful - this should be entered here as well. Changes to their family makeup are covered in the previous question, so no need to enter these.</i>",,,date_ymd,,,y,"[lci_d11] = '1' and [lci_d11b_count] >= 5",y,,,,,
lci_d11bii_5,life_chart_interview_d_middle_school_or_junior_hig,,text,"Event #5
End date:",,,date_ymd,,,y,"[lci_d11] = '1' and [lci_d11b_count] >= 5",,,,,,
lci_d11biii_5,life_chart_interview_d_middle_school_or_junior_hig,,text,"Event #5
Type:",,,,,,,"[lci_d11] = '1' and [lci_d11b_count] >= 5",,,,,,
lci_d11biv_5,life_chart_interview_d_middle_school_or_junior_hig,,dropdown,"Event #5
Mood Rating:","1, 1 | 2, 2 | 3, 3 | 4, 4 | 5, 5 | 6, 6 | 7, 7 | 8, 8 | 9, 9 | 10, 10",,,,,,"[lci_d11] = '1' and [lci_d11b_count] >= 5",y,,,,,
lci_d11bi_6,life_chart_interview_d_middle_school_or_junior_hig,,text,"Event #6
Start date:

<i>*Some events may just have one date (e.g., the date someone died) while others may have a start and end date (e.g., abuse by a parent that lasted years).
*Please prompt them to also indicate any events they may have mentioned in other sections that did not include mood ratings. For example, if they would count one of their moves as stressful - this should be entered here as well. Changes to their family makeup are covered in the previous question, so no need to enter these.</i>",,,date_ymd,,,y,"[lci_d11] = '1' and [lci_d11b_count] >= 6",y,,,,,
lci_d11bii_6,life_chart_interview_d_middle_school_or_junior_hig,,text,"Event #6
End date:",,,date_ymd,,,y,"[lci_d11] = '1' and [lci_d11b_count] >= 6",,,,,,
lci_d11biii_6,life_chart_interview_d_middle_school_or_junior_hig,,text,"Event #6
Type:",,,,,,,"[lci_d11] = '1' and [lci_d11b_count] >= 6",,,,,,
lci_d11biv_6,life_chart_interview_d_middle_school_or_junior_hig,,dropdown,"Event #6
Mood Rating:","1, 1 | 2, 2 | 3, 3 | 4, 4 | 5, 5 | 6, 6 | 7, 7 | 8, 8 | 9, 9 | 10, 10",,,,,,"[lci_d11] = '1' and [lci_d11b_count] >= 6",y,,,,,
lci_d11bi_7,life_chart_interview_d_middle_school_or_junior_hig,,text,"Event #7
Start date:

<i>*Some events may just have one date (e.g., the date someone died) while others may have a start and end date (e.g., abuse by a parent that lasted years).
*Please prompt them to also indicate any events they may have mentioned in other sections that did not include mood ratings. For example, if they would count one of their moves as stressful - this should be entered here as well. Changes to their family makeup are covered in the previous question, so no need to enter these.</i>",,,date_ymd,,,y,"[lci_d11] = '1' and [lci_d11b_count] >= 7",y,,,,,
lci_d11bii_7,life_chart_interview_d_middle_school_or_junior_hig,,text,"Event #7
End date:",,,date_ymd,,,y,"[lci_d11] = '1' and [lci_d11b_count] >= 7",,,,,,
lci_d11biii_7,life_chart_interview_d_middle_school_or_junior_hig,,text,"Event #7
Type:",,,,,,,"[lci_d11] = '1' and [lci_d11b_count] >= 7",,,,,,
lci_d11biv_7,life_chart_interview_d_middle_school_or_junior_hig,,dropdown,"Event #7
Mood Rating:","1, 1 | 2, 2 | 3, 3 | 4, 4 | 5, 5 | 6, 6 | 7, 7 | 8, 8 | 9, 9 | 10, 10",,,,,,"[lci_d11] = '1' and [lci_d11b_count] >= 7",y,,,,,
lci_d11bi_8,life_chart_interview_d_middle_school_or_junior_hig,,text,"Event #8
Start date:

<i>*Some events may just have one date (e.g., the date someone died) while others may have a start and end date (e.g., abuse by a parent that lasted years).
*Please prompt them to also indicate any events they may have mentioned in other sections that did not include mood ratings. For example, if they would count one of their moves as stressful - this should be entered here as well. Changes to their family makeup are covered in the previous question, so no need to enter these.</i>",,,date_ymd,,,y,"[lci_d11] = '1' and [lci_d11b_count] >= 8",y,,,,,
lci_d11bii_8,life_chart_interview_d_middle_school_or_junior_hig,,text,"Event #8
End date:",,,date_ymd,,,y,"[lci_d11] = '1' and [lci_d11b_count] >= 8",,,,,,
lci_d11biii_8,life_chart_interview_d_middle_school_or_junior_hig,,text,"Event #8
Type:",,,,,,,"[lci_d11] = '1' and [lci_d11b_count] >= 8",,,,,,
lci_d11biv_8,life_chart_interview_d_middle_school_or_junior_hig,,dropdown,"Event #8
Mood Rating:","1, 1 | 2, 2 | 3, 3 | 4, 4 | 5, 5 | 6, 6 | 7, 7 | 8, 8 | 9, 9 | 10, 10",,,,,,"[lci_d11] = '1' and [lci_d11b_count] >= 8",y,,,,,
lci_d11bi_9,life_chart_interview_d_middle_school_or_junior_hig,,text,"Event #9
Start date:

<i>*Some events may just have one date (e.g., the date someone died) while others may have a start and end date (e.g., abuse by a parent that lasted years).
*Please prompt them to also indicate any events they may have mentioned in other sections that did not include mood ratings. For example, if they would count one of their moves as stressful - this should be entered here as well. Changes to their family makeup are covered in the previous question, so no need to enter these.</i>",,,date_ymd,,,y,"[lci_d11] = '1' and [lci_d11b_count] >= 9",y,,,,,
lci_d11bii_9,life_chart_interview_d_middle_school_or_junior_hig,,text,"Event #9
End date:",,,date_ymd,,,y,"[lci_d11] = '1' and [lci_d11b_count] >= 9",,,,,,
lci_d11biii_9,life_chart_interview_d_middle_school_or_junior_hig,,text,"Event #9
Type:",,,,,,,"[lci_d11] = '1' and [lci_d11b_count] >= 9",,,,,,
lci_d11biv_9,life_chart_interview_d_middle_school_or_junior_hig,,dropdown,"Event #9
Mood Rating:","1, 1 | 2, 2 | 3, 3 | 4, 4 | 5, 5 | 6, 6 | 7, 7 | 8, 8 | 9, 9 | 10, 10",,,,,,"[lci_d11] = '1' and [lci_d11b_count] >= 9",y,,,,,
lci_d12,life_chart_interview_d_middle_school_or_junior_hig,,yesno,"D12. Did any good things happen during this period (for example, births, memorable family vacations, etc.)?",,,,,,,,y,,,,,
lci_d12b_count,life_chart_interview_d_middle_school_or_junior_hig,,dropdown,"D12b#. Describe briefly each good event that happened and the approximate date each occurred. In addition, we would like you to estimate how your mood was (on the scale of 1-10) in response to each of these events.

Count","0, 0 | 1, 1 | 2, 2 | 3, 3 | 4, 4 | 5, 5 | 6, 6 | 7, 7 | 8, 8 | 9, 9",,,,,,"[lci_d12] = '1'",y,,,,,
lci_d12bi_1,life_chart_interview_d_middle_school_or_junior_hig,,text,"Event #1
Start date:

<i>*Some events may just have one date (e.g., the date their sister was born) while others may have a start and end date (e.g., going to a meaningful summer camp)
*Please prompt them to also indicate any events they may have mentioned in other sections. For example, if they would count one of their moves as a positive event - this should be entered h ere as well. Changes to their family makeup are covered in the previous question, so no need to enter these.</i>",,,date_ymd,,,y,"[lci_d12] = '1' and [lci_d12b_count] >= 1",y,,,,,
lci_d12bii_1,life_chart_interview_d_middle_school_or_junior_hig,,text,"Event #1
End date:",,,date_ymd,,,y,"[lci_d12] = '1' and [lci_d12b_count] >= 1",,,,,,
lci_d12biii_1,life_chart_interview_d_middle_school_or_junior_hig,,text,"Event #1
Type:",,,,,,,"[lci_d12] = '1' and [lci_d12b_count] >= 1",,,,,,
lci_d12biv_1,life_chart_interview_d_middle_school_or_junior_hig,,dropdown,"Event #1
Mood Rating","1, 1 | 2, 2 | 3, 3 | 4, 4 | 5, 5 | 6, 6 | 7, 7 | 8, 8 | 9, 9 | 10, 10",,,,,,"[lci_d12] = '1' and [lci_d12b_count] >= 1",y,,,,,
lci_d12bi_2,life_chart_interview_d_middle_school_or_junior_hig,,text,"Event #2
Start date:

<i>*Some events may just have one date (e.g., the date their sister was born) while others may have a start and end date (e.g., going to a meaningful summer camp)
*Please prompt them to also indicate any events they may have mentioned in other sections. For example, if they would count one of their moves as a positive event - this should be entered h ere as well. Changes to their family makeup are covered in the previous question, so no need to enter these.</i>",,,date_ymd,,,y,"[lci_d12] = '1' and [lci_d12b_count] >= 2",y,,,,,
lci_d12bii_2,life_chart_interview_d_middle_school_or_junior_hig,,text,"Event #2
End date:",,,date_ymd,,,y,"[lci_d12] = '1' and [lci_d12b_count] >= 2",,,,,,
lci_d12biii_2,life_chart_interview_d_middle_school_or_junior_hig,,text,"Event #2
Type:",,,,,,,"[lci_d12] = '1' and [lci_d12b_count] >= 2",,,,,,
lci_d12biv_2,life_chart_interview_d_middle_school_or_junior_hig,,dropdown,"Event #2
Mood Rating","1, 1 | 2, 2 | 3, 3 | 4, 4 | 5, 5 | 6, 6 | 7, 7 | 8, 8 | 9, 9 | 10, 10",,,,,,"[lci_d12] = '1' and [lci_d12b_count] >= 2",y,,,,,
lci_d12bi_3,life_chart_interview_d_middle_school_or_junior_hig,,text,"Event #3
Start date:

<i>*Some events may just have one date (e.g., the date their sister was born) while others may have a start and end date (e.g., going to a meaningful summer camp)
*Please prompt them to also indicate any events they may have mentioned in other sections. For example, if they would count one of their moves as a positive event - this should be entered h ere as well. Changes to their family makeup are covered in the previous question, so no need to enter these.</i>",,,date_ymd,,,y,"[lci_d12] = '1' and [lci_d12b_count] >= 3",y,,,,,
lci_d12bii_3,life_chart_interview_d_middle_school_or_junior_hig,,text,"Event #3
End date:",,,date_ymd,,,y,"[lci_d12] = '1' and [lci_d12b_count] >= 3",,,,,,
lci_d12biii_3,life_chart_interview_d_middle_school_or_junior_hig,,text,"Event #3
Type:",,,,,,,"[lci_d12] = '1' and [lci_d12b_count] >= 3",,,,,,
lci_d12biv_3,life_chart_interview_d_middle_school_or_junior_hig,,dropdown,"Event #3
Mood Rating","1, 1 | 2, 2 | 3, 3 | 4, 4 | 5, 5 | 6, 6 | 7, 7 | 8, 8 | 9, 9 | 10, 10",,,,,,"[lci_d12] = '1' and [lci_d12b_count] >= 3",y,,,,,
lci_d12bi_4,life_chart_interview_d_middle_school_or_junior_hig,,text,"Event #4
Start date:

<i>*Some events may just have one date (e.g., the date their sister was born) while others may have a start and end date (e.g., going to a meaningful summer camp)
*Please prompt them to also indicate any events they may have mentioned in other sections. For example, if they would count one of their moves as a positive event - this should be entered h ere as well. Changes to their family makeup are covered in the previous question, so no need to enter these.</i>",,,date_ymd,,,y,"[lci_d12] = '1' and [lci_d12b_count] >= 4",y,,,,,
lci_d12bii_4,life_chart_interview_d_middle_school_or_junior_hig,,text,"Event #4
End date:",,,date_ymd,,,y,"[lci_d12] = '1' and [lci_d12b_count] >= 4",,,,,,
lci_d12biii_4,life_chart_interview_d_middle_school_or_junior_hig,,text,"Event #4
Type:",,,,,,,"[lci_d12] = '1' and [lci_d12b_count] >= 4",,,,,,
lci_d12biv_4,life_chart_interview_d_middle_school_or_junior_hig,,dropdown,"Event #4
Mood Rating","1, 1 | 2, 2 | 3, 3 | 4, 4 | 5, 5 | 6, 6 | 7, 7 | 8, 8 | 9, 9 | 10, 10",,,,,,"[lci_d12] = '1' and [lci_d12b_count] >= 4",y,,,,,
lci_d12bi_5,life_chart_interview_d_middle_school_or_junior_hig,,text,"Event #5
Start date:

<i>*Some events may just have one date (e.g., the date their sister was born) while others may have a start and end date (e.g., going to a meaningful summer camp)
*Please prompt them to also indicate any events they may have mentioned in other sections. For example, if they would count one of their moves as a positive event - this should be entered h ere as well. Changes to their family makeup are covered in the previous question, so no need to enter these.</i>",,,date_ymd,,,y,"[lci_d12] = '1' and [lci_d12b_count] >= 5",y,,,,,
lci_d12bii_5,life_chart_interview_d_middle_school_or_junior_hig,,text,"Event #5
End date:",,,date_ymd,,,y,"[lci_d12] = '1' and [lci_d12b_count] >= 5",,,,,,
lci_d12biii_5,life_chart_interview_d_middle_school_or_junior_hig,,text,"Event #5
Type:",,,,,,,"[lci_d12] = '1' and [lci_d12b_count] >= 5",,,,,,
lci_d12biv_5,life_chart_interview_d_middle_school_or_junior_hig,,dropdown,"Event #5
Mood Rating","1, 1 | 2, 2 | 3, 3 | 4, 4 | 5, 5 | 6, 6 | 7, 7 | 8, 8 | 9, 9 | 10, 10",,,,,,"[lci_d12] = '1' and [lci_d12b_count] >= 5",y,,,,,
lci_d12bi_6,life_chart_interview_d_middle_school_or_junior_hig,,text,"Event #6
Start date:

<i>*Some events may just have one date (e.g., the date their sister was born) while others may have a start and end date (e.g., going to a meaningful summer camp)
*Please prompt them to also indicate any events they may have mentioned in other sections. For example, if they would count one of their moves as a positive event - this should be entered h ere as well. Changes to their family makeup are covered in the previous question, so no need to enter these.</i>",,,date_ymd,,,y,"[lci_d12] = '1' and [lci_d12b_count] >= 6",y,,,,,
lci_d12bii_6,life_chart_interview_d_middle_school_or_junior_hig,,text,"Event #6
End date:",,,date_ymd,,,y,"[lci_d12] = '1' and [lci_d12b_count] >= 6",,,,,,
lci_d12biii_6,life_chart_interview_d_middle_school_or_junior_hig,,text,"Event #6
Type:",,,,,,,"[lci_d12] = '1' and [lci_d12b_count] >= 6",,,,,,
lci_d12biv_6,life_chart_interview_d_middle_school_or_junior_hig,,dropdown,"Event #6
Mood Rating","1, 1 | 2, 2 | 3, 3 | 4, 4 | 5, 5 | 6, 6 | 7, 7 | 8, 8 | 9, 9 | 10, 10",,,,,,"[lci_d12] = '1' and [lci_d12b_count] >= 6",y,,,,,
lci_d12bi_7,life_chart_interview_d_middle_school_or_junior_hig,,text,"Event #7
Start date:

<i>*Some events may just have one date (e.g., the date their sister was born) while others may have a start and end date (e.g., going to a meaningful summer camp)
*Please prompt them to also indicate any events they may have mentioned in other sections. For example, if they would count one of their moves as a positive event - this should be entered h ere as well. Changes to their family makeup are covered in the previous question, so no need to enter these.</i>",,,date_ymd,,,y,"[lci_d12] = '1' and [lci_d12b_count] >= 7",y,,,,,
lci_d12bii_7,life_chart_interview_d_middle_school_or_junior_hig,,text,"Event #7
End date:",,,date_ymd,,,y,"[lci_d12] = '1' and [lci_d12b_count] >= 7",,,,,,
lci_d12biii_7,life_chart_interview_d_middle_school_or_junior_hig,,text,"Event #7
Type:",,,,,,,"[lci_d12] = '1' and [lci_d12b_count] >= 7",,,,,,
lci_d12biv_7,life_chart_interview_d_middle_school_or_junior_hig,,dropdown,"Event #7
Mood Rating","1, 1 | 2, 2 | 3, 3 | 4, 4 | 5, 5 | 6, 6 | 7, 7 | 8, 8 | 9, 9 | 10, 10",,,,,,"[lci_d12] = '1' and [lci_d12b_count] >= 7",y,,,,,
lci_d12bi_8,life_chart_interview_d_middle_school_or_junior_hig,,text,"Event #8
Start date:

<i>*Some events may just have one date (e.g., the date their sister was born) while others may have a start and end date (e.g., going to a meaningful summer camp)
*Please prompt them to also indicate any events they may have mentioned in other sections. For example, if they would count one of their moves as a positive event - this should be entered h ere as well. Changes to their family makeup are covered in the previous question, so no need to enter these.</i>",,,date_ymd,,,y,"[lci_d12] = '1' and [lci_d12b_count] >= 8",y,,,,,
lci_d12bii_8,life_chart_interview_d_middle_school_or_junior_hig,,text,"Event #8
End date:",,,date_ymd,,,y,"[lci_d12] = '1' and [lci_d12b_count] >= 8",,,,,,
lci_d12biii_8,life_chart_interview_d_middle_school_or_junior_hig,,text,"Event #8
Type:",,,,,,,"[lci_d12] = '1' and [lci_d12b_count] >= 8",,,,,,
lci_d12biv_8,life_chart_interview_d_middle_school_or_junior_hig,,dropdown,"Event #8
Mood Rating","1, 1 | 2, 2 | 3, 3 | 4, 4 | 5, 5 | 6, 6 | 7, 7 | 8, 8 | 9, 9 | 10, 10",,,,,,"[lci_d12] = '1' and [lci_d12b_count] >= 8",y,,,,,
lci_d12bi_9,life_chart_interview_d_middle_school_or_junior_hig,,text,"Event #9
Start date:

<i>*Some events may just have one date (e.g., the date their sister was born) while others may have a start and end date (e.g., going to a meaningful summer camp)
*Please prompt them to also indicate any events they may have mentioned in other sections. For example, if they would count one of their moves as a positive event - this should be entered h ere as well. Changes to their family makeup are covered in the previous question, so no need to enter these.</i>",,,date_ymd,,,y,"[lci_d12] = '1' and [lci_d12b_count] >= 9",y,,,,,
lci_d12bii_9,life_chart_interview_d_middle_school_or_junior_hig,,text,"Event #9
End date:",,,date_ymd,,,y,"[lci_d12] = '1' and [lci_d12b_count] >= 9",,,,,,
lci_d12biii_9,life_chart_interview_d_middle_school_or_junior_hig,,text,"Event #9
Type:",,,,,,,"[lci_d12] = '1' and [lci_d12b_count] >= 9",,,,,,
lci_d12biv_9,life_chart_interview_d_middle_school_or_junior_hig,,dropdown,"Event #9
Mood Rating","1, 1 | 2, 2 | 3, 3 | 4, 4 | 5, 5 | 6, 6 | 7, 7 | 8, 8 | 9, 9 | 10, 10",,,,,,"[lci_d12] = '1' and [lci_d12b_count] >= 9",y,,,,,
lci_d13_count,life_chart_interview_d_middle_school_or_junior_hig,,dropdown,"D13#. Is there anything else that happened during this time period that you would like to share, which has not already been covered?

Count","0, 0 | 1, 1 | 2, 2 | 3, 3 | 4, 4 | 5, 5 | 6, 6 | 7, 7 | 8, 8 | 9, 9",,,,,,,y,,,,,
lci_d13i_1,life_chart_interview_d_middle_school_or_junior_hig,,text,"Event #1
Start date:",,,date_ymd,,,y,"[lci_d13_count] >= 1",y,,,,,
lci_d13ii_1,life_chart_interview_d_middle_school_or_junior_hig,,text,"Event #1
End date:",,,date_ymd,,,y,"[lci_d13_count] >= 1",,,,,,
lci_d13iii_1,life_chart_interview_d_middle_school_or_junior_hig,,notes,"Event #1
Brief Description:",,,,,,,"[lci_d13_count] >= 1",,,,,,
lci_d13iv_1,life_chart_interview_d_middle_school_or_junior_hig,,dropdown,"Event #1
Mood Rating (if applicable)","1, 1 | 2, 2 | 3, 3 | 4, 4 | 5, 5 | 6, 6 | 7, 7 | 8, 8 | 9, 9 | 10, 10",,,,,,"[lci_d13_count] >= 1",,,,,,
lci_d13i_2,life_chart_interview_d_middle_school_or_junior_hig,,text,"Event #2
Start date:",,,date_ymd,,,y,"[lci_d13_count] >= 2",y,,,,,
lci_d13ii_2,life_chart_interview_d_middle_school_or_junior_hig,,text,"Event #2
End date:",,,date_ymd,,,y,"[lci_d13_count] >= 2",,,,,,
lci_d13iii_2,life_chart_interview_d_middle_school_or_junior_hig,,notes,"Event #2
Brief Description:",,,,,,,"[lci_d13_count] >= 2",,,,,,
lci_d13iv_2,life_chart_interview_d_middle_school_or_junior_hig,,dropdown,"Event #2
Mood Rating (if applicable)","1, 1 | 2, 2 | 3, 3 | 4, 4 | 5, 5 | 6, 6 | 7, 7 | 8, 8 | 9, 9 | 10, 10",,,,,,"[lci_d13_count] >= 2",,,,,,
lci_d13i_3,life_chart_interview_d_middle_school_or_junior_hig,,text,"Event #3
Start date:",,,date_ymd,,,y,"[lci_d13_count] >= 3",y,,,,,
lci_d13ii_3,life_chart_interview_d_middle_school_or_junior_hig,,text,"Event #3
End date:",,,date_ymd,,,y,"[lci_d13_count] >= 3",,,,,,
lci_d13iii_3,life_chart_interview_d_middle_school_or_junior_hig,,notes,"Event #3
Brief Description:",,,,,,,"[lci_d13_count] >= 3",,,,,,
lci_d13iv_3,life_chart_interview_d_middle_school_or_junior_hig,,dropdown,"Event #3
Mood Rating (if applicable)","1, 1 | 2, 2 | 3, 3 | 4, 4 | 5, 5 | 6, 6 | 7, 7 | 8, 8 | 9, 9 | 10, 10",,,,,,"[lci_d13_count] >= 3",,,,,,
lci_d13i_4,life_chart_interview_d_middle_school_or_junior_hig,,text,"Event #4
Start date:",,,date_ymd,,,y,"[lci_d13_count] >= 4",y,,,,,
lci_d13ii_4,life_chart_interview_d_middle_school_or_junior_hig,,text,"Event #4
End date:",,,date_ymd,,,y,"[lci_d13_count] >= 4",,,,,,
lci_d13iii_4,life_chart_interview_d_middle_school_or_junior_hig,,notes,"Event #4
Brief Description:",,,,,,,"[lci_d13_count] >= 4",,,,,,
lci_d13iv_4,life_chart_interview_d_middle_school_or_junior_hig,,dropdown,"Event #4
Mood Rating (if applicable)","1, 1 | 2, 2 | 3, 3 | 4, 4 | 5, 5 | 6, 6 | 7, 7 | 8, 8 | 9, 9 | 10, 10",,,,,,"[lci_d13_count] >= 4",,,,,,
lci_d13i_5,life_chart_interview_d_middle_school_or_junior_hig,,text,"Event #5
Start date:",,,date_ymd,,,y,"[lci_d13_count] >= 5",y,,,,,
lci_d13ii_5,life_chart_interview_d_middle_school_or_junior_hig,,text,"Event #5
End date:",,,date_ymd,,,y,"[lci_d13_count] >= 5",,,,,,
lci_d13iii_5,life_chart_interview_d_middle_school_or_junior_hig,,notes,"Event #5
Brief Description:",,,,,,,"[lci_d13_count] >= 5",,,,,,
lci_d13iv_5,life_chart_interview_d_middle_school_or_junior_hig,,dropdown,"Event #5
Mood Rating (if applicable)","1, 1 | 2, 2 | 3, 3 | 4, 4 | 5, 5 | 6, 6 | 7, 7 | 8, 8 | 9, 9 | 10, 10",,,,,,"[lci_d13_count] >= 5",,,,,,
lci_d13i_6,life_chart_interview_d_middle_school_or_junior_hig,,text,"Event #6
Start date:",,,date_ymd,,,y,"[lci_d13_count] >= 6",y,,,,,
lci_d13ii_6,life_chart_interview_d_middle_school_or_junior_hig,,text,"Event #6
End date:",,,date_ymd,,,y,"[lci_d13_count] >= 6",,,,,,
lci_d13iii_6,life_chart_interview_d_middle_school_or_junior_hig,,notes,"Event #6
Brief Description:",,,,,,,"[lci_d13_count] >= 6",,,,,,
lci_d13iv_6,life_chart_interview_d_middle_school_or_junior_hig,,dropdown,"Event #6
Mood Rating (if applicable)","1, 1 | 2, 2 | 3, 3 | 4, 4 | 5, 5 | 6, 6 | 7, 7 | 8, 8 | 9, 9 | 10, 10",,,,,,"[lci_d13_count] >= 6",,,,,,
lci_d13i_7,life_chart_interview_d_middle_school_or_junior_hig,,text,"Event #7
Start date:",,,date_ymd,,,y,"[lci_d13_count] >= 7",y,,,,,
lci_d13ii_7,life_chart_interview_d_middle_school_or_junior_hig,,text,"Event #7
End date:",,,date_ymd,,,y,"[lci_d13_count] >= 7",,,,,,
lci_d13iii_7,life_chart_interview_d_middle_school_or_junior_hig,,notes,"Event #7
Brief Description:",,,,,,,"[lci_d13_count] >= 7",,,,,,
lci_d13iv_7,life_chart_interview_d_middle_school_or_junior_hig,,dropdown,"Event #7
Mood Rating (if applicable)","1, 1 | 2, 2 | 3, 3 | 4, 4 | 5, 5 | 6, 6 | 7, 7 | 8, 8 | 9, 9 | 10, 10",,,,,,"[lci_d13_count] >= 7",,,,,,
lci_d13i_8,life_chart_interview_d_middle_school_or_junior_hig,,text,"Event #8
Start date:",,,date_ymd,,,y,"[lci_d13_count] >= 8",y,,,,,
lci_d13ii_8,life_chart_interview_d_middle_school_or_junior_hig,,text,"Event #8
End date:",,,date_ymd,,,y,"[lci_d13_count] >= 8",,,,,,
lci_d13iii_8,life_chart_interview_d_middle_school_or_junior_hig,,notes,"Event #8
Brief Description:",,,,,,,"[lci_d13_count] >= 8",,,,,,
lci_d13iv_8,life_chart_interview_d_middle_school_or_junior_hig,,dropdown,"Event #8
Mood Rating (if applicable)","1, 1 | 2, 2 | 3, 3 | 4, 4 | 5, 5 | 6, 6 | 7, 7 | 8, 8 | 9, 9 | 10, 10",,,,,,"[lci_d13_count] >= 8",,,,,,
lci_d13i_9,life_chart_interview_d_middle_school_or_junior_hig,,text,"Event #9
Start date:",,,date_ymd,,,y,"[lci_d13_count] >= 9",y,,,,,
lci_d13ii_9,life_chart_interview_d_middle_school_or_junior_hig,,text,"Event #9
End date:",,,date_ymd,,,y,"[lci_d13_count] >= 9",,,,,,
lci_d13iii_9,life_chart_interview_d_middle_school_or_junior_hig,,notes,"Event #9
Brief Description:",,,,,,,"[lci_d13_count] >= 9",,,,,,
lci_d13iv_9,life_chart_interview_d_middle_school_or_junior_hig,,dropdown,"Event #9
Mood Rating (if applicable)","1, 1 | 2, 2 | 3, 3 | 4, 4 | 5, 5 | 6, 6 | 7, 7 | 8, 8 | 9, 9 | 10, 10",,,,,,"[lci_d13_count] >= 9",,,,,,
