"Variable / Field Name","Form Name","Section Header","Field Type","Field Label","Choices, Calculations, OR Slider Labels","Field Note","Text Validation Type OR Show Slider Number","Text Validation Min","Text Validation Max",Identifier?,"Branching Logic (Show field only if...)","Required Field?","Custom Alignment","Question Number (surveys only)","Matrix Group Name","Matrix Ranking?","Field Annotation"
lci_f1,life_chart_interview_f_young_adult_years,"Section F: Young Adult Years",text,"F1. What was the date you turned 25?

Date:",,,date_ymd,,,y,,y,,,,,
lci_f2,life_chart_interview_f_young_adult_years,,dropdown,"The next several questions will cover the time between when you finished high school (or age 18 if they did not complete high school) until the age of 25 (or current age if younger).

F2. How would you rate your general mood during this period of your life? While we recognize your mood was not the same throughout, we would like a rating of how your mood was <i>on average</i>. As a reminder, this is on a scale of 1-10, with 1 being the worst and 10 being the best mood you have experienced.","1, 1 | 2, 2 | 3, 3 | 4, 4 | 5, 5 | 6, 6 | 7, 7 | 8, 8 | 9, 9 | 10, 10",,,,,,,y,,,,,
lci_f3_count,life_chart_interview_f_young_adult_years,,dropdown,"F3#. During this time period, where did you live (for example city, state, country if not U.S.)?

Count","0, 0 | 1, 1 | 2, 2 | 3, 3 | 4, 4 | 5, 5 | 6, 6 | 7, 7 | 8, 8 | 9, 9",,,,,,,y,,,,,
lci_f3i_1,life_chart_interview_f_young_adult_years,,text,"Start date:

<i>(Follow-up questions: <u>Did you live in that location during this period of your life?</u> If not: <u>Where else did you live and when did you move?</u> Use additional prompts as needed to obtain the approximate dates in which they lived in each location.)</i>",,,date_ymd,,,y,"[lci_f3_count] >= 1",y,,,,,
lci_f3ii_1,life_chart_interview_f_young_adult_years,,text,"End Date:",,,date_ymd,,,y,"[lci_f3_count] >= 1",y,,,,,
lci_f3iii_1,life_chart_interview_f_young_adult_years,,text,City:,,,,,,,"[lci_f3_count] >= 1",,,,,,
lci_f3iv_1,life_chart_interview_f_young_adult_years,,text,State:,,,,,,,"[lci_f3_count] >= 1",,,,,,
lci_f3v_1,life_chart_interview_f_young_adult_years,,text,Country:,,,,,,,"[lci_f3_count] >= 1",,,,,,
lci_f3i_2,life_chart_interview_f_young_adult_years,,text,"Start date:

<i>(Follow-up questions: <u>Did you live in that location during this period of your life?</u> If not: <u>Where else did you live and when did you move?</u> Use additional prompts as needed to obtain the approximate dates in which they lived in each location.)</i>",,,date_ymd,,,y,"[lci_f3_count] >= 2",y,,,,,
lci_f3ii_2,life_chart_interview_f_young_adult_years,,text,"End Date:",,,date_ymd,,,y,"[lci_f3_count] >= 2",y,,,,,
lci_f3iii_2,life_chart_interview_f_young_adult_years,,text,City:,,,,,,,"[lci_f3_count] >= 2",,,,,,
lci_f3iv_2,life_chart_interview_f_young_adult_years,,text,State:,,,,,,,"[lci_f3_count] >= 2",,,,,,
lci_f3v_2,life_chart_interview_f_young_adult_years,,text,Country:,,,,,,,"[lci_f3_count] >= 2",,,,,,
lci_f3i_3,life_chart_interview_f_young_adult_years,,text,"Start date:

<i>(Follow-up questions: <u>Did you live in that location during this period of your life?</u> If not: <u>Where else did you live and when did you move?</u> Use additional prompts as needed to obtain the approximate dates in which they lived in each location.)</i>",,,date_ymd,,,y,"[lci_f3_count] >= 3",y,,,,,
lci_f3ii_3,life_chart_interview_f_young_adult_years,,text,"End Date:",,,date_ymd,,,y,"[lci_f3_count] >= 3",y,,,,,
lci_f3iii_3,life_chart_interview_f_young_adult_years,,text,City:,,,,,,,"[lci_f3_count] >= 3",,,,,,
lci_f3iv_3,life_chart_interview_f_young_adult_years,,text,State:,,,,,,,"[lci_f3_count] >= 3",,,,,,
lci_f3v_3,life_chart_interview_f_young_adult_years,,text,Country:,,,,,,,"[lci_f3_count] >= 3",,,,,,
lci_f3i_4,life_chart_interview_f_young_adult_years,,text,"Start date:

<i>(Follow-up questions: <u>Did you live in that location during this period of your life?</u> If not: <u>Where else did you live and when did you move?</u> Use additional prompts as needed to obtain the approximate dates in which they lived in each location.)</i>",,,date_ymd,,,y,"[lci_f3_count] >= 4",y,,,,,
lci_f3ii_4,life_chart_interview_f_young_adult_years,,text,"End Date:",,,date_ymd,,,y,"[lci_f3_count] >= 4",y,,,,,
lci_f3iii_4,life_chart_interview_f_young_adult_years,,text,City:,,,,,,,"[lci_f3_count] >= 4",,,,,,
lci_f3iv_4,life_chart_interview_f_young_adult_years,,text,State:,,,,,,,"[lci_f3_count] >= 4",,,,,,
lci_f3v_4,life_chart_interview_f_young_adult_years,,text,Country:,,,,,,,"[lci_f3_count] >= 4",,,,,,
lci_f3i_5,life_chart_interview_f_young_adult_years,,text,"Start date:

<i>(Follow-up questions: <u>Did you live in that location during this period of your life?</u> If not: <u>Where else did you live and when did you move?</u> Use additional prompts as needed to obtain the approximate dates in which they lived in each location.)</i>",,,date_ymd,,,y,"[lci_f3_count] >= 5",y,,,,,
lci_f3ii_5,life_chart_interview_f_young_adult_years,,text,"End Date:",,,date_ymd,,,y,"[lci_f3_count] >= 5",y,,,,,
lci_f3iii_5,life_chart_interview_f_young_adult_years,,text,City:,,,,,,,"[lci_f3_count] >= 5",,,,,,
lci_f3iv_5,life_chart_interview_f_young_adult_years,,text,State:,,,,,,,"[lci_f3_count] >= 5",,,,,,
lci_f3v_5,life_chart_interview_f_young_adult_years,,text,Country:,,,,,,,"[lci_f3_count] >= 5",,,,,,
lci_f3i_6,life_chart_interview_f_young_adult_years,,text,"Start date:

<i>(Follow-up questions: <u>Did you live in that location during this period of your life?</u> If not: <u>Where else did you live and when did you move?</u> Use additional prompts as needed to obtain the approximate dates in which they lived in each location.)</i>",,,date_ymd,,,y,"[lci_f3_count] >= 6",y,,,,,
lci_f3ii_6,life_chart_interview_f_young_adult_years,,text,"End Date:",,,date_ymd,,,y,"[lci_f3_count] >= 6",y,,,,,
lci_f3iii_6,life_chart_interview_f_young_adult_years,,text,City:,,,,,,,"[lci_f3_count] >= 6",,,,,,
lci_f3iv_6,life_chart_interview_f_young_adult_years,,text,State:,,,,,,,"[lci_f3_count] >= 6",,,,,,
lci_f3v_6,life_chart_interview_f_young_adult_years,,text,Country:,,,,,,,"[lci_f3_count] >= 6",,,,,,
lci_f3i_7,life_chart_interview_f_young_adult_years,,text,"Start date:

<i>(Follow-up questions: <u>Did you live in that location during this period of your life?</u> If not: <u>Where else did you live and when did you move?</u> Use additional prompts as needed to obtain the approximate dates in which they lived in each location.)</i>",,,date_ymd,,,y,"[lci_f3_count] >= 7",y,,,,,
lci_f3ii_7,life_chart_interview_f_young_adult_years,,text,"End Date:",,,date_ymd,,,y,"[lci_f3_count] >= 7",y,,,,,
lci_f3iii_7,life_chart_interview_f_young_adult_years,,text,City:,,,,,,,"[lci_f3_count] >= 7",,,,,,
lci_f3iv_7,life_chart_interview_f_young_adult_years,,text,State:,,,,,,,"[lci_f3_count] >= 7",,,,,,
lci_f3v_7,life_chart_interview_f_young_adult_years,,text,Country:,,,,,,,"[lci_f3_count] >= 7",,,,,,
lci_f3i_8,life_chart_interview_f_young_adult_years,,text,"Start date:

<i>(Follow-up questions: <u>Did you live in that location during this period of your life?</u> If not: <u>Where else did you live and when did you move?</u> Use additional prompts as needed to obtain the approximate dates in which they lived in each location.)</i>",,,date_ymd,,,y,"[lci_f3_count] >= 8",y,,,,,
lci_f3ii_8,life_chart_interview_f_young_adult_years,,text,"End Date:",,,date_ymd,,,y,"[lci_f3_count] >= 8",y,,,,,
lci_f3iii_8,life_chart_interview_f_young_adult_years,,text,City:,,,,,,,"[lci_f3_count] >= 8",,,,,,
lci_f3iv_8,life_chart_interview_f_young_adult_years,,text,State:,,,,,,,"[lci_f3_count] >= 8",,,,,,
lci_f3v_8,life_chart_interview_f_young_adult_years,,text,Country:,,,,,,,"[lci_f3_count] >= 8",,,,,,
lci_f3i_9,life_chart_interview_f_young_adult_years,,text,"Start date:

<i>(Follow-up questions: <u>Did you live in that location during this period of your life?</u> If not: <u>Where else did you live and when did you move?</u> Use additional prompts as needed to obtain the approximate dates in which they lived in each location.)</i>",,,date_ymd,,,y,"[lci_f3_count] >= 9",y,,,,,
lci_f3ii_9,life_chart_interview_f_young_adult_years,,text,"End Date:",,,date_ymd,,,y,"[lci_f3_count] >= 9",y,,,,,
lci_f3iii_9,life_chart_interview_f_young_adult_years,,text,City:,,,,,,,"[lci_f3_count] >= 9",,,,,,
lci_f3iv_9,life_chart_interview_f_young_adult_years,,text,State:,,,,,,,"[lci_f3_count] >= 9",,,,,,
lci_f3v_9,life_chart_interview_f_young_adult_years,,text,Country:,,,,,,,"[lci_f3_count] >= 9",,,,,,
lci_f4_count,life_chart_interview_f_young_adult_years,,dropdown,"F4#. Describe the schools you attended during this period and the approximate dates you attended each.

Count","0, 0 | 1, 1 | 2, 2 | 3, 3 | 4, 4 | 5, 5 | 6, 6 | 7, 7 | 8, 8 | 9, 9",,,,,,,y,,,,,
lci_f4i_1,life_chart_interview_f_young_adult_years,,text,"School #1
Start date:",,,date_ymd,,,y,"[lci_f4_count] >= 1",y,,,,,
lci_f4ii_1,life_chart_interview_f_young_adult_years,,text,"School #1
End date:",,,date_ymd,,,y,"[lci_f4_count] >= 1",y,,,,,
lci_f4iii_1,life_chart_interview_f_young_adult_years,,text,"School #1
Description:

<i>*For description - can enter the exact school name (if known) and/or the type of school, such as private, public, community college, university, technical certification school, graduate school, medical school, etc.</i>",,,,,,,"[lci_f4_count] >= 1",y,,,,,
lci_f4i_2,life_chart_interview_f_young_adult_years,,text,"School #2
Start date:",,,date_ymd,,,y,"[lci_f4_count] >= 2",y,,,,,
lci_f4ii_2,life_chart_interview_f_young_adult_years,,text,"School #2
End date:",,,date_ymd,,,y,"[lci_f4_count] >= 2",y,,,,,
lci_f4iii_2,life_chart_interview_f_young_adult_years,,text,"School #2
Description:

<i>*For description - can enter the exact school name (if known) and/or the type of school, such as private, public, community college, university, technical certification school, graduate school, medical school, etc.</i>",,,,,,,"[lci_f4_count] >= 2",y,,,,,
lci_f4i_3,life_chart_interview_f_young_adult_years,,text,"School #3
Start date:",,,date_ymd,,,y,"[lci_f4_count] >= 3",y,,,,,
lci_f4ii_3,life_chart_interview_f_young_adult_years,,text,"School #3
End date:",,,date_ymd,,,y,"[lci_f4_count] >= 3",y,,,,,
lci_f4iii_3,life_chart_interview_f_young_adult_years,,text,"School #3
Description:

<i>*For description - can enter the exact school name (if known) and/or the type of school, such as private, public, community college, university, technical certification school, graduate school, medical school, etc.</i>",,,,,,,"[lci_f4_count] >= 3",y,,,,,
lci_f4i_4,life_chart_interview_f_young_adult_years,,text,"School #4
Start date:",,,date_ymd,,,y,"[lci_f4_count] >= 4",y,,,,,
lci_f4ii_4,life_chart_interview_f_young_adult_years,,text,"School #4
End date:",,,date_ymd,,,y,"[lci_f4_count] >= 4",y,,,,,
lci_f4iii_4,life_chart_interview_f_young_adult_years,,text,"School #4
Description:

<i>*For description - can enter the exact school name (if known) and/or the type of school, such as private, public, community college, university, technical certification school, graduate school, medical school, etc.</i>",,,,,,,"[lci_f4_count] >= 4",y,,,,,
lci_f4i_5,life_chart_interview_f_young_adult_years,,text,"School #5
Start date:",,,date_ymd,,,y,"[lci_f4_count] >= 5",y,,,,,
lci_f4ii_5,life_chart_interview_f_young_adult_years,,text,"School #5
End date:",,,date_ymd,,,y,"[lci_f4_count] >= 5",y,,,,,
lci_f4iii_5,life_chart_interview_f_young_adult_years,,text,"School #5
Description:

<i>*For description - can enter the exact school name (if known) and/or the type of school, such as private, public, community college, university, technical certification school, graduate school, medical school, etc.</i>",,,,,,,"[lci_f4_count] >= 5",y,,,,,
lci_f4i_6,life_chart_interview_f_young_adult_years,,text,"School #6
Start date:",,,date_ymd,,,y,"[lci_f4_count] >= 6",y,,,,,
lci_f4ii_6,life_chart_interview_f_young_adult_years,,text,"School #6
End date:",,,date_ymd,,,y,"[lci_f4_count] >= 6",y,,,,,
lci_f4iii_6,life_chart_interview_f_young_adult_years,,text,"School #6
Description:

<i>*For description - can enter the exact school name (if known) and/or the type of school, such as private, public, community college, university, technical certification school, graduate school, medical school, etc.</i>",,,,,,,"[lci_f4_count] >= 6",y,,,,,
lci_f4i_7,life_chart_interview_f_young_adult_years,,text,"School #7
Start date:",,,date_ymd,,,y,"[lci_f4_count] >= 7",y,,,,,
lci_f4ii_7,life_chart_interview_f_young_adult_years,,text,"School #7
End date:",,,date_ymd,,,y,"[lci_f4_count] >= 7",y,,,,,
lci_f4iii_7,life_chart_interview_f_young_adult_years,,text,"School #7
Description:

<i>*For description - can enter the exact school name (if known) and/or the type of school, such as private, public, community college, university, technical certification school, graduate school, medical school, etc.</i>",,,,,,,"[lci_f4_count] >= 7",y,,,,,
lci_f4i_8,life_chart_interview_f_young_adult_years,,text,"School #8
Start date:",,,date_ymd,,,y,"[lci_f4_count] >= 8",y,,,,,
lci_f4ii_8,life_chart_interview_f_young_adult_years,,text,"School #8
End date:",,,date_ymd,,,y,"[lci_f4_count] >= 8",y,,,,,
lci_f4iii_8,life_chart_interview_f_young_adult_years,,text,"School #8
Description:

<i>*For description - can enter the exact school name (if known) and/or the type of school, such as private, public, community college, university, technical certification school, graduate school, medical school, etc.</i>",,,,,,,"[lci_f4_count] >= 8",y,,,,,
lci_f4i_9,life_chart_interview_f_young_adult_years,,text,"School #9
Start date:",,,date_ymd,,,y,"[lci_f4_count] >= 9",y,,,,,
lci_f4ii_9,life_chart_interview_f_young_adult_years,,text,"School #9
End date:",,,date_ymd,,,y,"[lci_f4_count] >= 9",y,,,,,
lci_f4iii_9,life_chart_interview_f_young_adult_years,,text,"School #9
Description:

<i>*For description - can enter the exact school name (if known) and/or the type of school, such as private, public, community college, university, technical certification school, graduate school, medical school, etc.</i>",,,,,,,"[lci_f4_count] >= 9",y,,,,,
lci_f5_count,life_chart_interview_f_young_adult_years,,dropdown,"F5#. What are some of the things you liked doing, for example hobbies or activities (for example, reading, playing a sport, etc.)?

Count","0, 0 | 1, 1 | 2, 2 | 3, 3 | 4, 4 | 5, 5 | 6, 6 | 7, 7 | 8, 8 | 9, 9",,,,,,,y,,,,,
lci_f5i_1,life_chart_interview_f_young_adult_years,,text,"Hobby or Activity #1
Start date:

<i>*Some hobbies may have been present during the entire time period and so start and end would be the same as the time period in question. However, they could have really gotten into one hobby for part of the time period (e.g. for just a few months), in which case the start and end date could be different.)</i>",,,date_ymd,,,y,"[lci_f5_count] >= 1",y,,,,,
lci_f5ii_1,life_chart_interview_f_young_adult_years,,text,"Hobby or Activity #1
End date:",,,date_ymd,,,y,"[lci_f5_count] >= 1",y,,,,,
lci_f5iii_1,life_chart_interview_f_young_adult_years,,text,"Hobby or Activity #1
Type:",,,,,,,"[lci_f5_count] >= 1",,,,,,
lci_f5i_2,life_chart_interview_f_young_adult_years,,text,"Hobby or Activity #2
Start date:

<i>*Some hobbies may have been present during the entire time period and so start and end would be the same as the time period in question. However, they could have really gotten into one hobby for part of the time period (e.g. for just a few months), in which case the start and end date could be different.)</i>",,,date_ymd,,,y,"[lci_f5_count] >= 2",y,,,,,
lci_f5ii_2,life_chart_interview_f_young_adult_years,,text,"Hobby or Activity #2
End date:",,,date_ymd,,,y,"[lci_f5_count] >= 2",y,,,,,
lci_f5iii_2,life_chart_interview_f_young_adult_years,,text,"Hobby or Activity #2
Type:",,,,,,,"[lci_f5_count] >= 2",,,,,,
lci_f5i_3,life_chart_interview_f_young_adult_years,,text,"Hobby or Activity #3
Start date:

<i>*Some hobbies may have been present during the entire time period and so start and end would be the same as the time period in question. However, they could have really gotten into one hobby for part of the time period (e.g. for just a few months), in which case the start and end date could be different.)</i>",,,date_ymd,,,y,"[lci_f5_count] >= 3",y,,,,,
lci_f5ii_3,life_chart_interview_f_young_adult_years,,text,"Hobby or Activity #3
End date:",,,date_ymd,,,y,"[lci_f5_count] >= 3",y,,,,,
lci_f5iii_3,life_chart_interview_f_young_adult_years,,text,"Hobby or Activity #3
Type:",,,,,,,"[lci_f5_count] >= 3",,,,,,
lci_f5i_4,life_chart_interview_f_young_adult_years,,text,"Hobby or Activity #4
Start date:

<i>*Some hobbies may have been present during the entire time period and so start and end would be the same as the time period in question. However, they could have really gotten into one hobby for part of the time period (e.g. for just a few months), in which case the start and end date could be different.)</i>",,,date_ymd,,,y,"[lci_f5_count] >= 4",y,,,,,
lci_f5ii_4,life_chart_interview_f_young_adult_years,,text,"Hobby or Activity #4
End date:",,,date_ymd,,,y,"[lci_f5_count] >= 4",y,,,,,
lci_f5iii_4,life_chart_interview_f_young_adult_years,,text,"Hobby or Activity #4
Type:",,,,,,,"[lci_f5_count] >= 4",,,,,,
lci_f5i_5,life_chart_interview_f_young_adult_years,,text,"Hobby or Activity #5
Start date:

<i>*Some hobbies may have been present during the entire time period and so start and end would be the same as the time period in question. However, they could have really gotten into one hobby for part of the time period (e.g. for just a few months), in which case the start and end date could be different.)</i>",,,date_ymd,,,y,"[lci_f5_count] >= 5",y,,,,,
lci_f5ii_5,life_chart_interview_f_young_adult_years,,text,"Hobby or Activity #5
End date:",,,date_ymd,,,y,"[lci_f5_count] >= 5",y,,,,,
lci_f5iii_5,life_chart_interview_f_young_adult_years,,text,"Hobby or Activity #5
Type:",,,,,,,"[lci_f5_count] >= 5",,,,,,
lci_f5i_6,life_chart_interview_f_young_adult_years,,text,"Hobby or Activity #6
Start date:

<i>*Some hobbies may have been present during the entire time period and so start and end would be the same as the time period in question. However, they could have really gotten into one hobby for part of the time period (e.g. for just a few months), in which case the start and end date could be different.)</i>",,,date_ymd,,,y,"[lci_f5_count] >= 6",y,,,,,
lci_f5ii_6,life_chart_interview_f_young_adult_years,,text,"Hobby or Activity #6
End date:",,,date_ymd,,,y,"[lci_f5_count] >= 6",y,,,,,
lci_f5iii_6,life_chart_interview_f_young_adult_years,,text,"Hobby or Activity #6
Type:",,,,,,,"[lci_f5_count] >= 6",,,,,,
lci_f5i_7,life_chart_interview_f_young_adult_years,,text,"Hobby or Activity #7
Start date:

<i>*Some hobbies may have been present during the entire time period and so start and end would be the same as the time period in question. However, they could have really gotten into one hobby for part of the time period (e.g. for just a few months), in which case the start and end date could be different.)</i>",,,date_ymd,,,y,"[lci_f5_count] >= 7",y,,,,,
lci_f5ii_7,life_chart_interview_f_young_adult_years,,text,"Hobby or Activity #7
End date:",,,date_ymd,,,y,"[lci_f5_count] >= 7",y,,,,,
lci_f5iii_7,life_chart_interview_f_young_adult_years,,text,"Hobby or Activity #7
Type:",,,,,,,"[lci_f5_count] >= 7",,,,,,
lci_f5i_8,life_chart_interview_f_young_adult_years,,text,"Hobby or Activity #8
Start date:

<i>*Some hobbies may have been present during the entire time period and so start and end would be the same as the time period in question. However, they could have really gotten into one hobby for part of the time period (e.g. for just a few months), in which case the start and end date could be different.)</i>",,,date_ymd,,,y,"[lci_f5_count] >= 8",y,,,,,
lci_f5ii_8,life_chart_interview_f_young_adult_years,,text,"Hobby or Activity #8
End date:",,,date_ymd,,,y,"[lci_f5_count] >= 8",y,,,,,
lci_f5iii_8,life_chart_interview_f_young_adult_years,,text,"Hobby or Activity #8
Type:",,,,,,,"[lci_f5_count] >= 8",,,,,,
lci_f5i_9,life_chart_interview_f_young_adult_years,,text,"Hobby or Activity #9
Start date:

<i>*Some hobbies may have been present during the entire time period and so start and end would be the same as the time period in question. However, they could have really gotten into one hobby for part of the time period (e.g. for just a few months), in which case the start and end date could be different.)</i>",,,date_ymd,,,y,"[lci_f5_count] >= 9",y,,,,,
lci_f5ii_9,life_chart_interview_f_young_adult_years,,text,"Hobby or Activity #9
End date:",,,date_ymd,,,y,"[lci_f5_count] >= 9",y,,,,,
lci_f5iii_9,life_chart_interview_f_young_adult_years,,text,"Hobby or Activity #9
Type:",,,,,,,"[lci_f5_count] >= 9",,,,,,
lci_f6,life_chart_interview_f_young_adult_years,,yesno,"F6. Did you have a job or employment of any sort during this period?",,,,,,,,y,,,,,
lci_f6b_count,life_chart_interview_f_young_adult_years,,dropdown,"F6b#. Describe briefly the type of job, the dates you held that job, and whether it was part-time or full-time.

Count","0, 0 | 1, 1 | 2, 2 | 3, 3 | 4, 4 | 5, 5 | 6, 6 | 7, 7 | 8, 8 | 9, 9",,,,,,"[lci_f6] = '1'",y,,,,,
lci_f6bi_1,life_chart_interview_f_young_adult_years,,text,"Job #1
Start date:",,,date_ymd,,,y,"[lci_f6] = '1' and [lci_f6b_count] >= 1",y,,,,,
lci_f6bii_1,life_chart_interview_f_young_adult_years,,text,"Job #1
End date:",,,date_ymd,,,y,"[lci_f6] = '1' and [lci_f6b_count] >= 1",,,,,,
lci_f6biii_1,life_chart_interview_f_young_adult_years,,text,"Job #1
Description:",,,,,,,"[lci_f6] = '1' and [lci_f6b_count] >= 1",,,,,,
lci_f6biv_1,life_chart_interview_f_young_adult_years,,radio,"Job #1
Part-time/Full-time:","1, Part-time | 2, Full-time",,,,,,"[lci_f6] = '1' and [lci_f6b_count] >= 1",y,,,,,
lci_f6bi_2,life_chart_interview_f_young_adult_years,,text,"Job #2
Start date:",,,date_ymd,,,y,"[lci_f6] = '1' and [lci_f6b_count] >= 2",y,,,,,
lci_f6bii_2,life_chart_interview_f_young_adult_years,,text,"Job #2
End date:",,,date_ymd,,,y,"[lci_f6] = '1' and [lci_f6b_count] >= 2",,,,,,
lci_f6biii_2,life_chart_interview_f_young_adult_years,,text,"Job #2
Description:",,,,,,,"[lci_f6] = '1' and [lci_f6b_count] >= 2",,,,,,
lci_f6biv_2,life_chart_interview_f_young_adult_years,,radio,"Job #2
Part-time/Full-time:","1, Part-time | 2, Full-time",,,,,,"[lci_f6] = '1' and [lci_f6b_count] >= 2",y,,,,,
lci_f6bi_3,life_chart_interview_f_young_adult_years,,text,"Job #3
Start date:",,,date_ymd,,,y,"[lci_f6] = '1' and [lci_f6b_count] >= 3",y,,,,,
lci_f6bii_3,life_chart_interview_f_young_adult_years,,text,"Job #3
End date:",,,date_ymd,,,y,"[lci_f6] = '1' and [lci_f6b_count] >= 3",,,,,,
lci_f6biii_3,life_chart_interview_f_young_adult_years,,text,"Job #3
Description:",,,,,,,"[lci_f6] = '1' and [lci_f6b_count] >= 3",,,,,,
lci_f6biv_3,life_chart_interview_f_young_adult_years,,radio,"Job #3
Part-time/Full-time:","1, Part-time | 2, Full-time",,,,,,"[lci_f6] = '1' and [lci_f6b_count] >= 3",y,,,,,
lci_f6bi_4,life_chart_interview_f_young_adult_years,,text,"Job #4
Start date:",,,date_ymd,,,y,"[lci_f6] = '1' and [lci_f6b_count] >= 4",y,,,,,
lci_f6bii_4,life_chart_interview_f_young_adult_years,,text,"Job #4
End date:",,,date_ymd,,,y,"[lci_f6] = '1' and [lci_f6b_count] >= 4",,,,,,
lci_f6biii_4,life_chart_interview_f_young_adult_years,,text,"Job #4
Description:",,,,,,,"[lci_f6] = '1' and [lci_f6b_count] >= 4",,,,,,
lci_f6biv_4,life_chart_interview_f_young_adult_years,,radio,"Job #4
Part-time/Full-time:","1, Part-time | 2, Full-time",,,,,,"[lci_f6] = '1' and [lci_f6b_count] >= 4",y,,,,,
lci_f6bi_5,life_chart_interview_f_young_adult_years,,text,"Job #5
Start date:",,,date_ymd,,,y,"[lci_f6] = '1' and [lci_f6b_count] >= 5",y,,,,,
lci_f6bii_5,life_chart_interview_f_young_adult_years,,text,"Job #5
End date:",,,date_ymd,,,y,"[lci_f6] = '1' and [lci_f6b_count] >= 5",,,,,,
lci_f6biii_5,life_chart_interview_f_young_adult_years,,text,"Job #5
Description:",,,,,,,"[lci_f6] = '1' and [lci_f6b_count] >= 5",,,,,,
lci_f6biv_5,life_chart_interview_f_young_adult_years,,radio,"Job #5
Part-time/Full-time:","1, Part-time | 2, Full-time",,,,,,"[lci_f6] = '1' and [lci_f6b_count] >= 5",y,,,,,
lci_f6bi_6,life_chart_interview_f_young_adult_years,,text,"Job #6
Start date:",,,date_ymd,,,y,"[lci_f6] = '1' and [lci_f6b_count] >= 6",y,,,,,
lci_f6bii_6,life_chart_interview_f_young_adult_years,,text,"Job #6
End date:",,,date_ymd,,,y,"[lci_f6] = '1' and [lci_f6b_count] >= 6",,,,,,
lci_f6biii_6,life_chart_interview_f_young_adult_years,,text,"Job #6
Description:",,,,,,,"[lci_f6] = '1' and [lci_f6b_count] >= 6",,,,,,
lci_f6biv_6,life_chart_interview_f_young_adult_years,,radio,"Job #6
Part-time/Full-time:","1, Part-time | 2, Full-time",,,,,,"[lci_f6] = '1' and [lci_f6b_count] >= 6",y,,,,,
lci_f6bi_7,life_chart_interview_f_young_adult_years,,text,"Job #7
Start date:",,,date_ymd,,,y,"[lci_f6] = '1' and [lci_f6b_count] >= 7",y,,,,,
lci_f6bii_7,life_chart_interview_f_young_adult_years,,text,"Job #7
End date:",,,date_ymd,,,y,"[lci_f6] = '1' and [lci_f6b_count] >= 7",,,,,,
lci_f6biii_7,life_chart_interview_f_young_adult_years,,text,"Job #7
Description:",,,,,,,"[lci_f6] = '1' and [lci_f6b_count] >= 7",,,,,,
lci_f6biv_7,life_chart_interview_f_young_adult_years,,radio,"Job #7
Part-time/Full-time:","1, Part-time | 2, Full-time",,,,,,"[lci_f6] = '1' and [lci_f6b_count] >= 7",y,,,,,
lci_f6bi_8,life_chart_interview_f_young_adult_years,,text,"Job #8
Start date:",,,date_ymd,,,y,"[lci_f6] = '1' and [lci_f6b_count] >= 8",y,,,,,
lci_f6bii_8,life_chart_interview_f_young_adult_years,,text,"Job #8
End date:",,,date_ymd,,,y,"[lci_f6] = '1' and [lci_f6b_count] >= 8",,,,,,
lci_f6biii_8,life_chart_interview_f_young_adult_years,,text,"Job #8
Description:",,,,,,,"[lci_f6] = '1' and [lci_f6b_count] >= 8",,,,,,
lci_f6biv_8,life_chart_interview_f_young_adult_years,,radio,"Job #8
Part-time/Full-time:","1, Part-time | 2, Full-time",,,,,,"[lci_f6] = '1' and [lci_f6b_count] >= 8",y,,,,,
lci_f6bi_9,life_chart_interview_f_young_adult_years,,text,"Job #9
Start date:",,,date_ymd,,,y,"[lci_f6] = '1' and [lci_f6b_count] >= 9",y,,,,,
lci_f6bii_9,life_chart_interview_f_young_adult_years,,text,"Job #9
End date:",,,date_ymd,,,y,"[lci_f6] = '1' and [lci_f6b_count] >= 9",,,,,,
lci_f6biii_9,life_chart_interview_f_young_adult_years,,text,"Job #9
Description:",,,,,,,"[lci_f6] = '1' and [lci_f6b_count] >= 9",,,,,,
lci_f6biv_9,life_chart_interview_f_young_adult_years,,radio,"Job #9
Part-time/Full-time:","1, Part-time | 2, Full-time",,,,,,"[lci_f6] = '1' and [lci_f6b_count] >= 9",y,,,,,
lci_f7_count,life_chart_interview_f_young_adult_years,,dropdown,"F7#. What individuals were you closest to during this time? (for example, friends, family, romantic relationships)

Count","0, 0 | 1, 1 | 2, 2 | 3, 3 | 4, 4 | 5, 5 | 6, 6 | 7, 7 | 8, 8 | 9, 9",,,,,,,y,,,,,
lci_f7i_1,life_chart_interview_f_young_adult_years,,text,"Person #1
Start date:

<i>*The start and end dates may be the same as the entire period, but for example, if they were close to a friend who moved away half way through the time period, it could be different.</i>",,,date_ymd,,,y,"[lci_f7_count] >= 1",y,,,,,
lci_f7ii_1,life_chart_interview_f_young_adult_years,,text,"Person #1
End date:",,,date_ymd,,,y,"[lci_f7_count] >= 1",y,,,,,
lci_f7iii_1,life_chart_interview_f_young_adult_years,,text,"Person #1
Relationship:

<i>*Relationship to person could be ""mother"", ""father"", ""brother"", ""neighbor"", ""friend from school"", etc.</i>",,,,,,,"[lci_f7_count] >= 1",,,,,,
lci_f7i_2,life_chart_interview_f_young_adult_years,,text,"Person #2
Start date:

<i>*The start and end dates may be the same as the entire period, but for example, if they were close to a friend who moved away half way through the time period, it could be different.</i>",,,date_ymd,,,y,"[lci_f7_count] >= 2",y,,,,,
lci_f7ii_2,life_chart_interview_f_young_adult_years,,text,"Person #2
End date:",,,date_ymd,,,y,"[lci_f7_count] >= 2",y,,,,,
lci_f7iii_2,life_chart_interview_f_young_adult_years,,text,"Person #2
Relationship:

<i>*Relationship to person could be ""mother"", ""father"", ""brother"", ""neighbor"", ""friend from school"", etc.</i>",,,,,,,"[lci_f7_count] >= 2",,,,,,
lci_f7i_3,life_chart_interview_f_young_adult_years,,text,"Person #3
Start date:

<i>*The start and end dates may be the same as the entire period, but for example, if they were close to a friend who moved away half way through the time period, it could be different.</i>",,,date_ymd,,,y,"[lci_f7_count] >= 3",y,,,,,
lci_f7ii_3,life_chart_interview_f_young_adult_years,,text,"Person #3
End date:",,,date_ymd,,,y,"[lci_f7_count] >= 3",y,,,,,
lci_f7iii_3,life_chart_interview_f_young_adult_years,,text,"Person #3
Relationship:

<i>*Relationship to person could be ""mother"", ""father"", ""brother"", ""neighbor"", ""friend from school"", etc.</i>",,,,,,,"[lci_f7_count] >= 3",,,,,,
lci_f7i_4,life_chart_interview_f_young_adult_years,,text,"Person #4
Start date:

<i>*The start and end dates may be the same as the entire period, but for example, if they were close to a friend who moved away half way through the time period, it could be different.</i>",,,date_ymd,,,y,"[lci_f7_count] >= 4",y,,,,,
lci_f7ii_4,life_chart_interview_f_young_adult_years,,text,"Person #4
End date:",,,date_ymd,,,y,"[lci_f7_count] >= 4",y,,,,,
lci_f7iii_4,life_chart_interview_f_young_adult_years,,text,"Person #4
Relationship:

<i>*Relationship to person could be ""mother"", ""father"", ""brother"", ""neighbor"", ""friend from school"", etc.</i>",,,,,,,"[lci_f7_count] >= 4",,,,,,
lci_f7i_5,life_chart_interview_f_young_adult_years,,text,"Person #5
Start date:

<i>*The start and end dates may be the same as the entire period, but for example, if they were close to a friend who moved away half way through the time period, it could be different.</i>",,,date_ymd,,,y,"[lci_f7_count] >= 5",y,,,,,
lci_f7ii_5,life_chart_interview_f_young_adult_years,,text,"Person #5
End date:",,,date_ymd,,,y,"[lci_f7_count] >= 5",y,,,,,
lci_f7iii_5,life_chart_interview_f_young_adult_years,,text,"Person #5
Relationship:

<i>*Relationship to person could be ""mother"", ""father"", ""brother"", ""neighbor"", ""friend from school"", etc.</i>",,,,,,,"[lci_f7_count] >= 5",,,,,,
lci_f7i_6,life_chart_interview_f_young_adult_years,,text,"Person #6
Start date:

<i>*The start and end dates may be the same as the entire period, but for example, if they were close to a friend who moved away half way through the time period, it could be different.</i>",,,date_ymd,,,y,"[lci_f7_count] >= 6",y,,,,,
lci_f7ii_6,life_chart_interview_f_young_adult_years,,text,"Person #6
End date:",,,date_ymd,,,y,"[lci_f7_count] >= 6",y,,,,,
lci_f7iii_6,life_chart_interview_f_young_adult_years,,text,"Person #6
Relationship:

<i>*Relationship to person could be ""mother"", ""father"", ""brother"", ""neighbor"", ""friend from school"", etc.</i>",,,,,,,"[lci_f7_count] >= 6",,,,,,
lci_f7i_7,life_chart_interview_f_young_adult_years,,text,"Person #7
Start date:

<i>*The start and end dates may be the same as the entire period, but for example, if they were close to a friend who moved away half way through the time period, it could be different.</i>",,,date_ymd,,,y,"[lci_f7_count] >= 7",y,,,,,
lci_f7ii_7,life_chart_interview_f_young_adult_years,,text,"Person #7
End date:",,,date_ymd,,,y,"[lci_f7_count] >= 7",y,,,,,
lci_f7iii_7,life_chart_interview_f_young_adult_years,,text,"Person #7
Relationship:

<i>*Relationship to person could be ""mother"", ""father"", ""brother"", ""neighbor"", ""friend from school"", etc.</i>",,,,,,,"[lci_f7_count] >= 7",,,,,,
lci_f7i_8,life_chart_interview_f_young_adult_years,,text,"Person #8
Start date:

<i>*The start and end dates may be the same as the entire period, but for example, if they were close to a friend who moved away half way through the time period, it could be different.</i>",,,date_ymd,,,y,"[lci_f7_count] >= 8",y,,,,,
lci_f7ii_8,life_chart_interview_f_young_adult_years,,text,"Person #8
End date:",,,date_ymd,,,y,"[lci_f7_count] >= 8",y,,,,,
lci_f7iii_8,life_chart_interview_f_young_adult_years,,text,"Person #8
Relationship:

<i>*Relationship to person could be ""mother"", ""father"", ""brother"", ""neighbor"", ""friend from school"", etc.</i>",,,,,,,"[lci_f7_count] >= 8",,,,,,
lci_f7i_9,life_chart_interview_f_young_adult_years,,text,"Person #9
Start date:

<i>*The start and end dates may be the same as the entire period, but for example, if they were close to a friend who moved away half way through the time period, it could be different.</i>",,,date_ymd,,,y,"[lci_f7_count] >= 9",y,,,,,
lci_f7ii_9,life_chart_interview_f_young_adult_years,,text,"Person #9
End date:",,,date_ymd,,,y,"[lci_f7_count] >= 9",y,,,,,
lci_f7iii_9,life_chart_interview_f_young_adult_years,,text,"Person #9
Relationship:

<i>*Relationship to person could be ""mother"", ""father"", ""brother"", ""neighbor"", ""friend from school"", etc.</i>",,,,,,,"[lci_f7_count] >= 9",,,,,,
lci_f8,life_chart_interview_f_young_adult_years,,yesno,"F8. Did you have any experiences with alcohol or drugs during this period?",,,,,,,,y,,,,,
lci_f8b_count,life_chart_interview_f_young_adult_years,,dropdown,"F8b#. Describe briefly (if known) what drugs you were exposed to and how.

Count","0, 0 | 1, 1 | 2, 2 | 3, 3 | 4, 4 | 5, 5 | 6, 6 | 7, 7 | 8, 8 | 9, 9",,,,,,"[lci_f8] = '1'",y,,,,,
lci_f8bi_1,life_chart_interview_f_young_adult_years,,text,"Drug #1
Start date:

<i>*If exposed to the same thing, in the same way, multiple times, include the start and stop dates of that entire time period (e.g., if exposed a few times per year, insert the start and end dates of that period).
*If multiple types or ways of exposure, enter multiple lines.</i>",,,date_ymd,,,y,"[lci_f8] = '1' and [lci_f8b_count] >= 1",y,,,,,
lci_f8bii_1,life_chart_interview_f_young_adult_years,,text,"Drug #1
End date:",,,date_ymd,,,y,"[lci_f8] = '1' and [lci_f8b_count] >= 1",y,,,,,
lci_f8biii_1,life_chart_interview_f_young_adult_years,,text,"Drug #1
Name of Drug:",,,,,,,"[lci_f8] = '1' and [lci_f8b_count] >= 1",,,,,,
lci_f8biv_1,life_chart_interview_f_young_adult_years,,text,"Drug #1
Frequency:",,,,,,,"[lci_f8] = '1' and [lci_f8b_count] >= 1",,,,,,
lci_f8bv_1,life_chart_interview_f_young_adult_years,,radio,"Drug #1
How:","1, Direct intake | 2, Second-hand exposure (e.g., parents smoking around them as a child)",,,,,,"[lci_f8] = '1' and [lci_f8b_count] >= 1",y,,,,,
lci_f8bi_2,life_chart_interview_f_young_adult_years,,text,"Drug #2
Start date:

<i>*If exposed to the same thing, in the same way, multiple times, include the start and stop dates of that entire time period (e.g., if exposed a few times per year, insert the start and end dates of that period).
*If multiple types or ways of exposure, enter multiple lines.</i>",,,date_ymd,,,y,"[lci_f8] = '1' and [lci_f8b_count] >= 2",y,,,,,
lci_f8bii_2,life_chart_interview_f_young_adult_years,,text,"Drug #2
End date:",,,date_ymd,,,y,"[lci_f8] = '1' and [lci_f8b_count] >= 2",y,,,,,
lci_f8biii_2,life_chart_interview_f_young_adult_years,,text,"Drug #2
Name of Drug:",,,,,,,"[lci_f8] = '1' and [lci_f8b_count] >= 2",,,,,,
lci_f8biv_2,life_chart_interview_f_young_adult_years,,text,"Drug #2
Frequency:",,,,,,,"[lci_f8] = '1' and [lci_f8b_count] >= 2",,,,,,
lci_f8bv_2,life_chart_interview_f_young_adult_years,,radio,"Drug #2
How:","1, Direct intake | 2, Second-hand exposure (e.g., parents smoking around them as a child)",,,,,,"[lci_f8] = '1' and [lci_f8b_count] >= 2",y,,,,,
lci_f8bi_3,life_chart_interview_f_young_adult_years,,text,"Drug #3
Start date:

<i>*If exposed to the same thing, in the same way, multiple times, include the start and stop dates of that entire time period (e.g., if exposed a few times per year, insert the start and end dates of that period).
*If multiple types or ways of exposure, enter multiple lines.</i>",,,date_ymd,,,y,"[lci_f8] = '1' and [lci_f8b_count] >= 3",y,,,,,
lci_f8bii_3,life_chart_interview_f_young_adult_years,,text,"Drug #3
End date:",,,date_ymd,,,y,"[lci_f8] = '1' and [lci_f8b_count] >= 3",y,,,,,
lci_f8biii_3,life_chart_interview_f_young_adult_years,,text,"Drug #3
Name of Drug:",,,,,,,"[lci_f8] = '1' and [lci_f8b_count] >= 3",,,,,,
lci_f8biv_3,life_chart_interview_f_young_adult_years,,text,"Drug #3
Frequency:",,,,,,,"[lci_f8] = '1' and [lci_f8b_count] >= 3",,,,,,
lci_f8bv_3,life_chart_interview_f_young_adult_years,,radio,"Drug #3
How:","1, Direct intake | 2, Second-hand exposure (e.g., parents smoking around them as a child)",,,,,,"[lci_f8] = '1' and [lci_f8b_count] >= 3",y,,,,,
lci_f8bi_4,life_chart_interview_f_young_adult_years,,text,"Drug #4
Start date:

<i>*If exposed to the same thing, in the same way, multiple times, include the start and stop dates of that entire time period (e.g., if exposed a few times per year, insert the start and end dates of that period).
*If multiple types or ways of exposure, enter multiple lines.</i>",,,date_ymd,,,y,"[lci_f8] = '1' and [lci_f8b_count] >= 4",y,,,,,
lci_f8bii_4,life_chart_interview_f_young_adult_years,,text,"Drug #4
End date:",,,date_ymd,,,y,"[lci_f8] = '1' and [lci_f8b_count] >= 4",y,,,,,
lci_f8biii_4,life_chart_interview_f_young_adult_years,,text,"Drug #4
Name of Drug:",,,,,,,"[lci_f8] = '1' and [lci_f8b_count] >= 4",,,,,,
lci_f8biv_4,life_chart_interview_f_young_adult_years,,text,"Drug #4
Frequency:",,,,,,,"[lci_f8] = '1' and [lci_f8b_count] >= 4",,,,,,
lci_f8bv_4,life_chart_interview_f_young_adult_years,,radio,"Drug #4
How:","1, Direct intake | 2, Second-hand exposure (e.g., parents smoking around them as a child)",,,,,,"[lci_f8] = '1' and [lci_f8b_count] >= 4",y,,,,,
lci_f8bi_5,life_chart_interview_f_young_adult_years,,text,"Drug #5
Start date:

<i>*If exposed to the same thing, in the same way, multiple times, include the start and stop dates of that entire time period (e.g., if exposed a few times per year, insert the start and end dates of that period).
*If multiple types or ways of exposure, enter multiple lines.</i>",,,date_ymd,,,y,"[lci_f8] = '1' and [lci_f8b_count] >= 5",y,,,,,
lci_f8bii_5,life_chart_interview_f_young_adult_years,,text,"Drug #5
End date:",,,date_ymd,,,y,"[lci_f8] = '1' and [lci_f8b_count] >= 5",y,,,,,
lci_f8biii_5,life_chart_interview_f_young_adult_years,,text,"Drug #5
Name of Drug:",,,,,,,"[lci_f8] = '1' and [lci_f8b_count] >= 5",,,,,,
lci_f8biv_5,life_chart_interview_f_young_adult_years,,text,"Drug #5
Frequency:",,,,,,,"[lci_f8] = '1' and [lci_f8b_count] >= 5",,,,,,
lci_f8bv_5,life_chart_interview_f_young_adult_years,,radio,"Drug #5
How:","1, Direct intake | 2, Second-hand exposure (e.g., parents smoking around them as a child)",,,,,,"[lci_f8] = '1' and [lci_f8b_count] >= 5",y,,,,,
lci_f8bi_6,life_chart_interview_f_young_adult_years,,text,"Drug #6
Start date:

<i>*If exposed to the same thing, in the same way, multiple times, include the start and stop dates of that entire time period (e.g., if exposed a few times per year, insert the start and end dates of that period).
*If multiple types or ways of exposure, enter multiple lines.</i>",,,date_ymd,,,y,"[lci_f8] = '1' and [lci_f8b_count] >= 6",y,,,,,
lci_f8bii_6,life_chart_interview_f_young_adult_years,,text,"Drug #6
End date:",,,date_ymd,,,y,"[lci_f8] = '1' and [lci_f8b_count] >= 6",y,,,,,
lci_f8biii_6,life_chart_interview_f_young_adult_years,,text,"Drug #6
Name of Drug:",,,,,,,"[lci_f8] = '1' and [lci_f8b_count] >= 6",,,,,,
lci_f8biv_6,life_chart_interview_f_young_adult_years,,text,"Drug #6
Frequency:",,,,,,,"[lci_f8] = '1' and [lci_f8b_count] >= 6",,,,,,
lci_f8bv_6,life_chart_interview_f_young_adult_years,,radio,"Drug #6
How:","1, Direct intake | 2, Second-hand exposure (e.g., parents smoking around them as a child)",,,,,,"[lci_f8] = '1' and [lci_f8b_count] >= 6",y,,,,,
lci_f8bi_7,life_chart_interview_f_young_adult_years,,text,"Drug #7
Start date:

<i>*If exposed to the same thing, in the same way, multiple times, include the start and stop dates of that entire time period (e.g., if exposed a few times per year, insert the start and end dates of that period).
*If multiple types or ways of exposure, enter multiple lines.</i>",,,date_ymd,,,y,"[lci_f8] = '1' and [lci_f8b_count] >= 7",y,,,,,
lci_f8bii_7,life_chart_interview_f_young_adult_years,,text,"Drug #7
End date:",,,date_ymd,,,y,"[lci_f8] = '1' and [lci_f8b_count] >= 7",y,,,,,
lci_f8biii_7,life_chart_interview_f_young_adult_years,,text,"Drug #7
Name of Drug:",,,,,,,"[lci_f8] = '1' and [lci_f8b_count] >= 7",,,,,,
lci_f8biv_7,life_chart_interview_f_young_adult_years,,text,"Drug #7
Frequency:",,,,,,,"[lci_f8] = '1' and [lci_f8b_count] >= 7",,,,,,
lci_f8bv_7,life_chart_interview_f_young_adult_years,,radio,"Drug #7
How:","1, Direct intake | 2, Second-hand exposure (e.g., parents smoking around them as a child)",,,,,,"[lci_f8] = '1' and [lci_f8b_count] >= 7",y,,,,,
lci_f8bi_8,life_chart_interview_f_young_adult_years,,text,"Drug #8
Start date:

<i>*If exposed to the same thing, in the same way, multiple times, include the start and stop dates of that entire time period (e.g., if exposed a few times per year, insert the start and end dates of that period).
*If multiple types or ways of exposure, enter multiple lines.</i>",,,date_ymd,,,y,"[lci_f8] = '1' and [lci_f8b_count] >= 8",y,,,,,
lci_f8bii_8,life_chart_interview_f_young_adult_years,,text,"Drug #8
End date:",,,date_ymd,,,y,"[lci_f8] = '1' and [lci_f8b_count] >= 8",y,,,,,
lci_f8biii_8,life_chart_interview_f_young_adult_years,,text,"Drug #8
Name of Drug:",,,,,,,"[lci_f8] = '1' and [lci_f8b_count] >= 8",,,,,,
lci_f8biv_8,life_chart_interview_f_young_adult_years,,text,"Drug #8
Frequency:",,,,,,,"[lci_f8] = '1' and [lci_f8b_count] >= 8",,,,,,
lci_f8bv_8,life_chart_interview_f_young_adult_years,,radio,"Drug #8
How:","1, Direct intake | 2, Second-hand exposure (e.g., parents smoking around them as a child)",,,,,,"[lci_f8] = '1' and [lci_f8b_count] >= 8",y,,,,,
lci_f8bi_9,life_chart_interview_f_young_adult_years,,text,"Drug #9
Start date:

<i>*If exposed to the same thing, in the same way, multiple times, include the start and stop dates of that entire time period (e.g., if exposed a few times per year, insert the start and end dates of that period).
*If multiple types or ways of exposure, enter multiple lines.</i>",,,date_ymd,,,y,"[lci_f8] = '1' and [lci_f8b_count] >= 9",y,,,,,
lci_f8bii_9,life_chart_interview_f_young_adult_years,,text,"Drug #9
End date:",,,date_ymd,,,y,"[lci_f8] = '1' and [lci_f8b_count] >= 9",y,,,,,
lci_f8biii_9,life_chart_interview_f_young_adult_years,,text,"Drug #9
Name of Drug:",,,,,,,"[lci_f8] = '1' and [lci_f8b_count] >= 9",,,,,,
lci_f8biv_9,life_chart_interview_f_young_adult_years,,text,"Drug #9
Frequency:",,,,,,,"[lci_f8] = '1' and [lci_f8b_count] >= 9",,,,,,
lci_f8bv_9,life_chart_interview_f_young_adult_years,,radio,"Drug #9
How:","1, Direct intake | 2, Second-hand exposure (e.g., parents smoking around them as a child)",,,,,,"[lci_f8] = '1' and [lci_f8b_count] >= 9",y,,,,,
lci_f9,life_chart_interview_f_young_adult_years,,yesno,"F9. Did you see a mental health professional for any reason? (For example, for mood or anxiety, behavior problems, learning difficulties, to help with adjustment to divorce, etc.)",,,,,,,,y,,,,,
lci_f9b_count,life_chart_interview_f_young_adult_years,,dropdown,"F9b#. Describe briefly each period in which you were seen by a mental health professional.

Count","0, 0 | 1, 1 | 2, 2 | 3, 3 | 4, 4 | 5, 5 | 6, 6 | 7, 7 | 8, 8 | 9, 9",,,,,,"[lci_f9] = '1'",,,,,,
lci_f9bi_1,life_chart_interview_f_young_adult_years,,text,"Period #1
Start date:",,,date_ymd,,,y,"[lci_f9] = '1'  and [lci_f9b_count] >= 1",y,,,,,
lci_f9bii_1,life_chart_interview_f_young_adult_years,,text,"Period #1
End date:",,,date_ymd,,,y,"[lci_f9] = '1'  and [lci_f9b_count] >= 1",y,,,,,
lci_f9biii_1,life_chart_interview_f_young_adult_years,,text,"Period #1
Reason for going:

<i>*Reason for going could include ""mood"" or ""behavior"" while the type of treatment may include ""family therapy"" or ""medications"", etc.</i>",,,,,,,"[lci_f9] = '1'  and [lci_f9b_count] >= 1",,,,,,
lci_f9biv_1,life_chart_interview_f_young_adult_years,,text,"Period #1
Type of treatment:",,,,,,,"[lci_f9] = '1'  and [lci_f9b_count] >= 1",,,,,,
lci_f9bi_2,life_chart_interview_f_young_adult_years,,text,"Period #2
Start date:",,,date_ymd,,,y,"[lci_f9] = '1'  and [lci_f9b_count] >= 2",y,,,,,
lci_f9bii_2,life_chart_interview_f_young_adult_years,,text,"Period #2
End date:",,,date_ymd,,,y,"[lci_f9] = '1'  and [lci_f9b_count] >= 2",y,,,,,
lci_f9biii_2,life_chart_interview_f_young_adult_years,,text,"Period #2
Reason for going:

<i>*Reason for going could include ""mood"" or ""behavior"" while the type of treatment may include ""family therapy"" or ""medications"", etc.</i>",,,,,,,"[lci_f9] = '1'  and [lci_f9b_count] >= 2",,,,,,
lci_f9biv_2,life_chart_interview_f_young_adult_years,,text,"Period #2
Type of treatment:",,,,,,,"[lci_f9] = '1'  and [lci_f9b_count] >= 2",,,,,,
lci_f9bi_3,life_chart_interview_f_young_adult_years,,text,"Period #3
Start date:",,,date_ymd,,,y,"[lci_f9] = '1'  and [lci_f9b_count] >= 3",y,,,,,
lci_f9bii_3,life_chart_interview_f_young_adult_years,,text,"Period #3
End date:",,,date_ymd,,,y,"[lci_f9] = '1'  and [lci_f9b_count] >= 3",y,,,,,
lci_f9biii_3,life_chart_interview_f_young_adult_years,,text,"Period #3
Reason for going:

<i>*Reason for going could include ""mood"" or ""behavior"" while the type of treatment may include ""family therapy"" or ""medications"", etc.</i>",,,,,,,"[lci_f9] = '1'  and [lci_f9b_count] >= 3",,,,,,
lci_f9biv_3,life_chart_interview_f_young_adult_years,,text,"Period #3
Type of treatment:",,,,,,,"[lci_f9] = '1'  and [lci_f9b_count] >= 3",,,,,,
lci_f9bi_4,life_chart_interview_f_young_adult_years,,text,"Period #4
Start date:",,,date_ymd,,,y,"[lci_f9] = '1'  and [lci_f9b_count] >= 4",y,,,,,
lci_f9bii_4,life_chart_interview_f_young_adult_years,,text,"Period #4
End date:",,,date_ymd,,,y,"[lci_f9] = '1'  and [lci_f9b_count] >= 4",y,,,,,
lci_f9biii_4,life_chart_interview_f_young_adult_years,,text,"Period #4
Reason for going:

<i>*Reason for going could include ""mood"" or ""behavior"" while the type of treatment may include ""family therapy"" or ""medications"", etc.</i>",,,,,,,"[lci_f9] = '1'  and [lci_f9b_count] >= 4",,,,,,
lci_f9biv_4,life_chart_interview_f_young_adult_years,,text,"Period #4
Type of treatment:",,,,,,,"[lci_f9] = '1'  and [lci_f9b_count] >= 4",,,,,,
lci_f9bi_5,life_chart_interview_f_young_adult_years,,text,"Period #5
Start date:",,,date_ymd,,,y,"[lci_f9] = '1'  and [lci_f9b_count] >= 5",y,,,,,
lci_f9bii_5,life_chart_interview_f_young_adult_years,,text,"Period #5
End date:",,,date_ymd,,,y,"[lci_f9] = '1'  and [lci_f9b_count] >= 5",y,,,,,
lci_f9biii_5,life_chart_interview_f_young_adult_years,,text,"Period #5
Reason for going:

<i>*Reason for going could include ""mood"" or ""behavior"" while the type of treatment may include ""family therapy"" or ""medications"", etc.</i>",,,,,,,"[lci_f9] = '1'  and [lci_f9b_count] >= 5",,,,,,
lci_f9biv_5,life_chart_interview_f_young_adult_years,,text,"Period #5
Type of treatment:",,,,,,,"[lci_f9] = '1'  and [lci_f9b_count] >= 5",,,,,,
lci_f9bi_6,life_chart_interview_f_young_adult_years,,text,"Period #6
Start date:",,,date_ymd,,,y,"[lci_f9] = '1'  and [lci_f9b_count] >= 6",y,,,,,
lci_f9bii_6,life_chart_interview_f_young_adult_years,,text,"Period #6
End date:",,,date_ymd,,,y,"[lci_f9] = '1'  and [lci_f9b_count] >= 6",y,,,,,
lci_f9biii_6,life_chart_interview_f_young_adult_years,,text,"Period #6
Reason for going:

<i>*Reason for going could include ""mood"" or ""behavior"" while the type of treatment may include ""family therapy"" or ""medications"", etc.</i>",,,,,,,"[lci_f9] = '1'  and [lci_f9b_count] >= 6",,,,,,
lci_f9biv_6,life_chart_interview_f_young_adult_years,,text,"Period #6
Type of treatment:",,,,,,,"[lci_f9] = '1'  and [lci_f9b_count] >= 6",,,,,,
lci_f9bi_7,life_chart_interview_f_young_adult_years,,text,"Period #7
Start date:",,,date_ymd,,,y,"[lci_f9] = '1'  and [lci_f9b_count] >= 7",y,,,,,
lci_f9bii_7,life_chart_interview_f_young_adult_years,,text,"Period #7
End date:",,,date_ymd,,,y,"[lci_f9] = '1'  and [lci_f9b_count] >= 7",y,,,,,
lci_f9biii_7,life_chart_interview_f_young_adult_years,,text,"Period #7
Reason for going:

<i>*Reason for going could include ""mood"" or ""behavior"" while the type of treatment may include ""family therapy"" or ""medications"", etc.</i>",,,,,,,"[lci_f9] = '1'  and [lci_f9b_count] >= 7",,,,,,
lci_f9biv_7,life_chart_interview_f_young_adult_years,,text,"Period #7
Type of treatment:",,,,,,,"[lci_f9] = '1'  and [lci_f9b_count] >= 7",,,,,,
lci_f9bi_8,life_chart_interview_f_young_adult_years,,text,"Period #8
Start date:",,,date_ymd,,,y,"[lci_f9] = '1'  and [lci_f9b_count] >= 8",y,,,,,
lci_f9bii_8,life_chart_interview_f_young_adult_years,,text,"Period #8
End date:",,,date_ymd,,,y,"[lci_f9] = '1'  and [lci_f9b_count] >= 8",y,,,,,
lci_f9biii_8,life_chart_interview_f_young_adult_years,,text,"Period #8
Reason for going:

<i>*Reason for going could include ""mood"" or ""behavior"" while the type of treatment may include ""family therapy"" or ""medications"", etc.</i>",,,,,,,"[lci_f9] = '1'  and [lci_f9b_count] >= 8",,,,,,
lci_f9biv_8,life_chart_interview_f_young_adult_years,,text,"Period #8
Type of treatment:",,,,,,,"[lci_f9] = '1'  and [lci_f9b_count] >= 8",,,,,,
lci_f9bi_9,life_chart_interview_f_young_adult_years,,text,"Period #9
Start date:",,,date_ymd,,,y,"[lci_f9] = '1'  and [lci_f9b_count] >= 9",y,,,,,
lci_f9bii_9,life_chart_interview_f_young_adult_years,,text,"Period #9
End date:",,,date_ymd,,,y,"[lci_f9] = '1'  and [lci_f9b_count] >= 9",y,,,,,
lci_f9biii_9,life_chart_interview_f_young_adult_years,,text,"Period #9
Reason for going:

<i>*Reason for going could include ""mood"" or ""behavior"" while the type of treatment may include ""family therapy"" or ""medications"", etc.</i>",,,,,,,"[lci_f9] = '1'  and [lci_f9b_count] >= 9",,,,,,
lci_f9biv_9,life_chart_interview_f_young_adult_years,,text,"Period #9
Type of treatment:",,,,,,,"[lci_f9] = '1'  and [lci_f9b_count] >= 9",,,,,,
lci_f10,life_chart_interview_f_young_adult_years,,yesno,"F10. Did anything change with your family during this period? (for example, were there births or adoptions of siblings, did your parents get married or divorced, etc.)",,,,,,,,y,,,,,
lci_f10b_count,life_chart_interview_f_young_adult_years,,dropdown,"F10b#. Please provide a brief description of these changes and the approximate date each occurred. In addition, we would like you estimate how your mood was (on the scale of 1-10) in response to this change.

Count","0, 0 | 1, 1 | 2, 2 | 3, 3 | 4, 4 | 5, 5 | 6, 6 | 7, 7 | 8, 8 | 9, 9",,,,,,"[lci_f10] = '1'",y,,,,,
lci_f10bi_1,life_chart_interview_f_young_adult_years,,text,"Event #1
Start Date:

<i>*Most of these will only have one date to enter (e.g., date of sibling birth, date of divorce, etc.) but we are putting a start and end date possibility for the sake of consistency.</i>",,,date_ymd,,,y,"[lci_f10] = '1' and [lci_f10b_count] >= 1",y,,,,,
lci_f10bii_1,life_chart_interview_f_young_adult_years,,text,"Event #1
End Date:",,,date_ymd,,,y,"[lci_f10] = '1' and [lci_f10b_count] >= 1",,,,,,
lci_f10biii_1,life_chart_interview_f_young_adult_years,,text,"Event #1
Event Type:

<i>*For event type, enter brief explanation, such as ""Parent remarried"", or ""Sister was born"".</i>",,,,,,,"[lci_f10] = '1' and [lci_f10b_count] >= 1",y,,,,,
lci_f10biv_1,life_chart_interview_f_young_adult_years,,dropdown,"Event #1
Mood rating:","1, 1 | 2, 2 | 3, 3 | 4, 4 | 5, 5 | 6, 6 | 7, 7 | 8, 8 | 9, 9 | 10, 10",,,,,,"[lci_f10] = '1' and [lci_f10b_count] >= 1",y,,,,,
lci_f10bi_2,life_chart_interview_f_young_adult_years,,text,"Event #2
Start Date:

<i>*Most of these will only have one date to enter (e.g., date of sibling birth, date of divorce, etc.) but we are putting a start and end date possibility for the sake of consistency.</i>",,,date_ymd,,,y,"[lci_f10] = '1' and [lci_f10b_count] >= 2",y,,,,,
lci_f10bii_2,life_chart_interview_f_young_adult_years,,text,"Event #2
End Date:",,,date_ymd,,,y,"[lci_f10] = '1' and [lci_f10b_count] >= 2",,,,,,
lci_f10biii_2,life_chart_interview_f_young_adult_years,,text,"Event #2
Event Type:

<i>*For event type, enter brief explanation, such as ""Parent remarried"", or ""Sister was born"".</i>",,,,,,,"[lci_f10] = '1' and [lci_f10b_count] >= 2",y,,,,,
lci_f10biv_2,life_chart_interview_f_young_adult_years,,dropdown,"Event #2
Mood rating:","1, 1 | 2, 2 | 3, 3 | 4, 4 | 5, 5 | 6, 6 | 7, 7 | 8, 8 | 9, 9 | 10, 10",,,,,,"[lci_f10] = '1' and [lci_f10b_count] >= 2",y,,,,,
lci_f10bi_3,life_chart_interview_f_young_adult_years,,text,"Event #3
Start Date:

<i>*Most of these will only have one date to enter (e.g., date of sibling birth, date of divorce, etc.) but we are putting a start and end date possibility for the sake of consistency.</i>",,,date_ymd,,,y,"[lci_f10] = '1' and [lci_f10b_count] >= 3",y,,,,,
lci_f10bii_3,life_chart_interview_f_young_adult_years,,text,"Event #3
End Date:",,,date_ymd,,,y,"[lci_f10] = '1' and [lci_f10b_count] >= 3",,,,,,
lci_f10biii_3,life_chart_interview_f_young_adult_years,,text,"Event #3
Event Type:

<i>*For event type, enter brief explanation, such as ""Parent remarried"", or ""Sister was born"".</i>",,,,,,,"[lci_f10] = '1' and [lci_f10b_count] >= 3",y,,,,,
lci_f10biv_3,life_chart_interview_f_young_adult_years,,dropdown,"Event #3
Mood rating:","1, 1 | 2, 2 | 3, 3 | 4, 4 | 5, 5 | 6, 6 | 7, 7 | 8, 8 | 9, 9 | 10, 10",,,,,,"[lci_f10] = '1' and [lci_f10b_count] >= 3",y,,,,,
lci_f10bi_4,life_chart_interview_f_young_adult_years,,text,"Event #4
Start Date:

<i>*Most of these will only have one date to enter (e.g., date of sibling birth, date of divorce, etc.) but we are putting a start and end date possibility for the sake of consistency.</i>",,,date_ymd,,,y,"[lci_f10] = '1' and [lci_f10b_count] >= 4",y,,,,,
lci_f10bii_4,life_chart_interview_f_young_adult_years,,text,"Event #4
End Date:",,,date_ymd,,,y,"[lci_f10] = '1' and [lci_f10b_count] >= 4",,,,,,
lci_f10biii_4,life_chart_interview_f_young_adult_years,,text,"Event #4
Event Type:

<i>*For event type, enter brief explanation, such as ""Parent remarried"", or ""Sister was born"".</i>",,,,,,,"[lci_f10] = '1' and [lci_f10b_count] >= 4",y,,,,,
lci_f10biv_4,life_chart_interview_f_young_adult_years,,dropdown,"Event #4
Mood rating:","1, 1 | 2, 2 | 3, 3 | 4, 4 | 5, 5 | 6, 6 | 7, 7 | 8, 8 | 9, 9 | 10, 10",,,,,,"[lci_f10] = '1' and [lci_f10b_count] >= 4",y,,,,,
lci_f10bi_5,life_chart_interview_f_young_adult_years,,text,"Event #5
Start Date:

<i>*Most of these will only have one date to enter (e.g., date of sibling birth, date of divorce, etc.) but we are putting a start and end date possibility for the sake of consistency.</i>",,,date_ymd,,,y,"[lci_f10] = '1' and [lci_f10b_count] >= 5",y,,,,,
lci_f10bii_5,life_chart_interview_f_young_adult_years,,text,"Event #5
End Date:",,,date_ymd,,,y,"[lci_f10] = '1' and [lci_f10b_count] >= 5",,,,,,
lci_f10biii_5,life_chart_interview_f_young_adult_years,,text,"Event #5
Event Type:

<i>*For event type, enter brief explanation, such as ""Parent remarried"", or ""Sister was born"".</i>",,,,,,,"[lci_f10] = '1' and [lci_f10b_count] >= 5",y,,,,,
lci_f10biv_5,life_chart_interview_f_young_adult_years,,dropdown,"Event #5
Mood rating:","1, 1 | 2, 2 | 3, 3 | 4, 4 | 5, 5 | 6, 6 | 7, 7 | 8, 8 | 9, 9 | 10, 10",,,,,,"[lci_f10] = '1' and [lci_f10b_count] >= 5",y,,,,,
lci_f10bi_6,life_chart_interview_f_young_adult_years,,text,"Event #6
Start Date:

<i>*Most of these will only have one date to enter (e.g., date of sibling birth, date of divorce, etc.) but we are putting a start and end date possibility for the sake of consistency.</i>",,,date_ymd,,,y,"[lci_f10] = '1' and [lci_f10b_count] >= 6",y,,,,,
lci_f10bii_6,life_chart_interview_f_young_adult_years,,text,"Event #6
End Date:",,,date_ymd,,,y,"[lci_f10] = '1' and [lci_f10b_count] >= 6",,,,,,
lci_f10biii_6,life_chart_interview_f_young_adult_years,,text,"Event #6
Event Type:

<i>*For event type, enter brief explanation, such as ""Parent remarried"", or ""Sister was born"".</i>",,,,,,,"[lci_f10] = '1' and [lci_f10b_count] >= 6",y,,,,,
lci_f10biv_6,life_chart_interview_f_young_adult_years,,dropdown,"Event #6
Mood rating:","1, 1 | 2, 2 | 3, 3 | 4, 4 | 5, 5 | 6, 6 | 7, 7 | 8, 8 | 9, 9 | 10, 10",,,,,,"[lci_f10] = '1' and [lci_f10b_count] >= 6",y,,,,,
lci_f10bi_7,life_chart_interview_f_young_adult_years,,text,"Event #7
Start Date:

<i>*Most of these will only have one date to enter (e.g., date of sibling birth, date of divorce, etc.) but we are putting a start and end date possibility for the sake of consistency.</i>",,,date_ymd,,,y,"[lci_f10] = '1' and [lci_f10b_count] >= 7",y,,,,,
lci_f10bii_7,life_chart_interview_f_young_adult_years,,text,"Event #7
End Date:",,,date_ymd,,,y,"[lci_f10] = '1' and [lci_f10b_count] >= 7",,,,,,
lci_f10biii_7,life_chart_interview_f_young_adult_years,,text,"Event #7
Event Type:

<i>*For event type, enter brief explanation, such as ""Parent remarried"", or ""Sister was born"".</i>",,,,,,,"[lci_f10] = '1' and [lci_f10b_count] >= 7",y,,,,,
lci_f10biv_7,life_chart_interview_f_young_adult_years,,dropdown,"Event #7
Mood rating:","1, 1 | 2, 2 | 3, 3 | 4, 4 | 5, 5 | 6, 6 | 7, 7 | 8, 8 | 9, 9 | 10, 10",,,,,,"[lci_f10] = '1' and [lci_f10b_count] >= 7",y,,,,,
lci_f10bi_8,life_chart_interview_f_young_adult_years,,text,"Event #8
Start Date:

<i>*Most of these will only have one date to enter (e.g., date of sibling birth, date of divorce, etc.) but we are putting a start and end date possibility for the sake of consistency.</i>",,,date_ymd,,,y,"[lci_f10] = '1' and [lci_f10b_count] >= 8",y,,,,,
lci_f10bii_8,life_chart_interview_f_young_adult_years,,text,"Event #8
End Date:",,,date_ymd,,,y,"[lci_f10] = '1' and [lci_f10b_count] >= 8",,,,,,
lci_f10biii_8,life_chart_interview_f_young_adult_years,,text,"Event #8
Event Type:

<i>*For event type, enter brief explanation, such as ""Parent remarried"", or ""Sister was born"".</i>",,,,,,,"[lci_f10] = '1' and [lci_f10b_count] >= 8",y,,,,,
lci_f10biv_8,life_chart_interview_f_young_adult_years,,dropdown,"Event #8
Mood rating:","1, 1 | 2, 2 | 3, 3 | 4, 4 | 5, 5 | 6, 6 | 7, 7 | 8, 8 | 9, 9 | 10, 10",,,,,,"[lci_f10] = '1' and [lci_f10b_count] >= 8",y,,,,,
lci_f10bi_9,life_chart_interview_f_young_adult_years,,text,"Event #9
Start Date:

<i>*Most of these will only have one date to enter (e.g., date of sibling birth, date of divorce, etc.) but we are putting a start and end date possibility for the sake of consistency.</i>",,,date_ymd,,,y,"[lci_f10] = '1' and [lci_f10b_count] >= 9",y,,,,,
lci_f10bii_9,life_chart_interview_f_young_adult_years,,text,"Event #9
End Date:",,,date_ymd,,,y,"[lci_f10] = '1' and [lci_f10b_count] >= 9",,,,,,
lci_f10biii_9,life_chart_interview_f_young_adult_years,,text,"Event #9
Event Type:

<i>*For event type, enter brief explanation, such as ""Parent remarried"", or ""Sister was born"".</i>",,,,,,,"[lci_f10] = '1' and [lci_f10b_count] >= 9",y,,,,,
lci_f10biv_9,life_chart_interview_f_young_adult_years,,dropdown,"Event #9
Mood rating:","1, 1 | 2, 2 | 3, 3 | 4, 4 | 5, 5 | 6, 6 | 7, 7 | 8, 8 | 9, 9 | 10, 10",,,,,,"[lci_f10] = '1' and [lci_f10b_count] >= 9",y,,,,,
lci_f11,life_chart_interview_f_young_adult_years,,yesno,"F11. Did any bad things happen during this period (for example, illnesses, deaths in the family, divorce, problems in the family, or a parent, relative or friend treating you badly)?",,,,,,,,y,,,,,
lci_f11b_count,life_chart_interview_f_young_adult_years,,dropdown,"F11b#. Describe briefly each bad event that happened and the approximate date each occurred. In addition, we would like you to estimate how your mood was (on the scale of (1-10) in response to each of these events.

Count","0, 0 | 1, 1 | 2, 2 | 3, 3 | 4, 4 | 5, 5 | 6, 6 | 7, 7 | 8, 8 | 9, 9",,,,,,"[lci_f11] = '1'",y,,,,,
lci_f11bi_1,life_chart_interview_f_young_adult_years,,text,"Event #1
Start date:

<i>*Some events may just have one date (e.g., the date someone died) while others may have a start and end date (e.g., abuse by a parent that lasted years).
*Please prompt them to also indicate any events they may have mentioned in other sections that did not include mood ratings. For example, if they would count one of their moves as stressful - this should be entered here as well. Changes to their family makeup are covered in the previous question, so no need to enter these.</i>",,,date_ymd,,,y,"[lci_f11] = '1' and [lci_f11b_count] >= 1",y,,,,,
lci_f11bii_1,life_chart_interview_f_young_adult_years,,text,"Event #1
End date:",,,date_ymd,,,y,"[lci_f11] = '1' and [lci_f11b_count] >= 1",,,,,,
lci_f11biii_1,life_chart_interview_f_young_adult_years,,text,"Event #1
Type:",,,,,,,"[lci_f11] = '1' and [lci_f11b_count] >= 1",,,,,,
lci_f11biv_1,life_chart_interview_f_young_adult_years,,dropdown,"Event #1
Mood Rating:","1, 1 | 2, 2 | 3, 3 | 4, 4 | 5, 5 | 6, 6 | 7, 7 | 8, 8 | 9, 9 | 10, 10",,,,,,"[lci_f11] = '1' and [lci_f11b_count] >= 1",y,,,,,
lci_f11bi_2,life_chart_interview_f_young_adult_years,,text,"Event #2
Start date:

<i>*Some events may just have one date (e.g., the date someone died) while others may have a start and end date (e.g., abuse by a parent that lasted years).
*Please prompt them to also indicate any events they may have mentioned in other sections that did not include mood ratings. For example, if they would count one of their moves as stressful - this should be entered here as well. Changes to their family makeup are covered in the previous question, so no need to enter these.</i>",,,date_ymd,,,y,"[lci_f11] = '1' and [lci_f11b_count] >= 2",y,,,,,
lci_f11bii_2,life_chart_interview_f_young_adult_years,,text,"Event #2
End date:",,,date_ymd,,,y,"[lci_f11] = '1' and [lci_f11b_count] >= 2",,,,,,
lci_f11biii_2,life_chart_interview_f_young_adult_years,,text,"Event #2
Type:",,,,,,,"[lci_f11] = '1' and [lci_f11b_count] >= 2",,,,,,
lci_f11biv_2,life_chart_interview_f_young_adult_years,,dropdown,"Event #2
Mood Rating:","1, 1 | 2, 2 | 3, 3 | 4, 4 | 5, 5 | 6, 6 | 7, 7 | 8, 8 | 9, 9 | 10, 10",,,,,,"[lci_f11] = '1' and [lci_f11b_count] >= 2",y,,,,,
lci_f11bi_3,life_chart_interview_f_young_adult_years,,text,"Event #3
Start date:

<i>*Some events may just have one date (e.g., the date someone died) while others may have a start and end date (e.g., abuse by a parent that lasted years).
*Please prompt them to also indicate any events they may have mentioned in other sections that did not include mood ratings. For example, if they would count one of their moves as stressful - this should be entered here as well. Changes to their family makeup are covered in the previous question, so no need to enter these.</i>",,,date_ymd,,,y,"[lci_f11] = '1' and [lci_f11b_count] >= 3",y,,,,,
lci_f11bii_3,life_chart_interview_f_young_adult_years,,text,"Event #3
End date:",,,date_ymd,,,y,"[lci_f11] = '1' and [lci_f11b_count] >= 3",,,,,,
lci_f11biii_3,life_chart_interview_f_young_adult_years,,text,"Event #3
Type:",,,,,,,"[lci_f11] = '1' and [lci_f11b_count] >= 3",,,,,,
lci_f11biv_3,life_chart_interview_f_young_adult_years,,dropdown,"Event #3
Mood Rating:","1, 1 | 2, 2 | 3, 3 | 4, 4 | 5, 5 | 6, 6 | 7, 7 | 8, 8 | 9, 9 | 10, 10",,,,,,"[lci_f11] = '1' and [lci_f11b_count] >= 3",y,,,,,
lci_f11bi_4,life_chart_interview_f_young_adult_years,,text,"Event #4
Start date:

<i>*Some events may just have one date (e.g., the date someone died) while others may have a start and end date (e.g., abuse by a parent that lasted years).
*Please prompt them to also indicate any events they may have mentioned in other sections that did not include mood ratings. For example, if they would count one of their moves as stressful - this should be entered here as well. Changes to their family makeup are covered in the previous question, so no need to enter these.</i>",,,date_ymd,,,y,"[lci_f11] = '1' and [lci_f11b_count] >= 4",y,,,,,
lci_f11bii_4,life_chart_interview_f_young_adult_years,,text,"Event #4
End date:",,,date_ymd,,,y,"[lci_f11] = '1' and [lci_f11b_count] >= 4",,,,,,
lci_f11biii_4,life_chart_interview_f_young_adult_years,,text,"Event #4
Type:",,,,,,,"[lci_f11] = '1' and [lci_f11b_count] >= 4",,,,,,
lci_f11biv_4,life_chart_interview_f_young_adult_years,,dropdown,"Event #4
Mood Rating:","1, 1 | 2, 2 | 3, 3 | 4, 4 | 5, 5 | 6, 6 | 7, 7 | 8, 8 | 9, 9 | 10, 10",,,,,,"[lci_f11] = '1' and [lci_f11b_count] >= 4",y,,,,,
lci_f11bi_5,life_chart_interview_f_young_adult_years,,text,"Event #5
Start date:

<i>*Some events may just have one date (e.g., the date someone died) while others may have a start and end date (e.g., abuse by a parent that lasted years).
*Please prompt them to also indicate any events they may have mentioned in other sections that did not include mood ratings. For example, if they would count one of their moves as stressful - this should be entered here as well. Changes to their family makeup are covered in the previous question, so no need to enter these.</i>",,,date_ymd,,,y,"[lci_f11] = '1' and [lci_f11b_count] >= 5",y,,,,,
lci_f11bii_5,life_chart_interview_f_young_adult_years,,text,"Event #5
End date:",,,date_ymd,,,y,"[lci_f11] = '1' and [lci_f11b_count] >= 5",,,,,,
lci_f11biii_5,life_chart_interview_f_young_adult_years,,text,"Event #5
Type:",,,,,,,"[lci_f11] = '1' and [lci_f11b_count] >= 5",,,,,,
lci_f11biv_5,life_chart_interview_f_young_adult_years,,dropdown,"Event #5
Mood Rating:","1, 1 | 2, 2 | 3, 3 | 4, 4 | 5, 5 | 6, 6 | 7, 7 | 8, 8 | 9, 9 | 10, 10",,,,,,"[lci_f11] = '1' and [lci_f11b_count] >= 5",y,,,,,
lci_f11bi_6,life_chart_interview_f_young_adult_years,,text,"Event #6
Start date:

<i>*Some events may just have one date (e.g., the date someone died) while others may have a start and end date (e.g., abuse by a parent that lasted years).
*Please prompt them to also indicate any events they may have mentioned in other sections that did not include mood ratings. For example, if they would count one of their moves as stressful - this should be entered here as well. Changes to their family makeup are covered in the previous question, so no need to enter these.</i>",,,date_ymd,,,y,"[lci_f11] = '1' and [lci_f11b_count] >= 6",y,,,,,
lci_f11bii_6,life_chart_interview_f_young_adult_years,,text,"Event #6
End date:",,,date_ymd,,,y,"[lci_f11] = '1' and [lci_f11b_count] >= 6",,,,,,
lci_f11biii_6,life_chart_interview_f_young_adult_years,,text,"Event #6
Type:",,,,,,,"[lci_f11] = '1' and [lci_f11b_count] >= 6",,,,,,
lci_f11biv_6,life_chart_interview_f_young_adult_years,,dropdown,"Event #6
Mood Rating:","1, 1 | 2, 2 | 3, 3 | 4, 4 | 5, 5 | 6, 6 | 7, 7 | 8, 8 | 9, 9 | 10, 10",,,,,,"[lci_f11] = '1' and [lci_f11b_count] >= 6",y,,,,,
lci_f11bi_7,life_chart_interview_f_young_adult_years,,text,"Event #7
Start date:

<i>*Some events may just have one date (e.g., the date someone died) while others may have a start and end date (e.g., abuse by a parent that lasted years).
*Please prompt them to also indicate any events they may have mentioned in other sections that did not include mood ratings. For example, if they would count one of their moves as stressful - this should be entered here as well. Changes to their family makeup are covered in the previous question, so no need to enter these.</i>",,,date_ymd,,,y,"[lci_f11] = '1' and [lci_f11b_count] >= 7",y,,,,,
lci_f11bii_7,life_chart_interview_f_young_adult_years,,text,"Event #7
End date:",,,date_ymd,,,y,"[lci_f11] = '1' and [lci_f11b_count] >= 7",,,,,,
lci_f11biii_7,life_chart_interview_f_young_adult_years,,text,"Event #7
Type:",,,,,,,"[lci_f11] = '1' and [lci_f11b_count] >= 7",,,,,,
lci_f11biv_7,life_chart_interview_f_young_adult_years,,dropdown,"Event #7
Mood Rating:","1, 1 | 2, 2 | 3, 3 | 4, 4 | 5, 5 | 6, 6 | 7, 7 | 8, 8 | 9, 9 | 10, 10",,,,,,"[lci_f11] = '1' and [lci_f11b_count] >= 7",y,,,,,
lci_f11bi_8,life_chart_interview_f_young_adult_years,,text,"Event #8
Start date:

<i>*Some events may just have one date (e.g., the date someone died) while others may have a start and end date (e.g., abuse by a parent that lasted years).
*Please prompt them to also indicate any events they may have mentioned in other sections that did not include mood ratings. For example, if they would count one of their moves as stressful - this should be entered here as well. Changes to their family makeup are covered in the previous question, so no need to enter these.</i>",,,date_ymd,,,y,"[lci_f11] = '1' and [lci_f11b_count] >= 8",y,,,,,
lci_f11bii_8,life_chart_interview_f_young_adult_years,,text,"Event #8
End date:",,,date_ymd,,,y,"[lci_f11] = '1' and [lci_f11b_count] >= 8",,,,,,
lci_f11biii_8,life_chart_interview_f_young_adult_years,,text,"Event #8
Type:",,,,,,,"[lci_f11] = '1' and [lci_f11b_count] >= 8",,,,,,
lci_f11biv_8,life_chart_interview_f_young_adult_years,,dropdown,"Event #8
Mood Rating:","1, 1 | 2, 2 | 3, 3 | 4, 4 | 5, 5 | 6, 6 | 7, 7 | 8, 8 | 9, 9 | 10, 10",,,,,,"[lci_f11] = '1' and [lci_f11b_count] >= 8",y,,,,,
lci_f11bi_9,life_chart_interview_f_young_adult_years,,text,"Event #9
Start date:

<i>*Some events may just have one date (e.g., the date someone died) while others may have a start and end date (e.g., abuse by a parent that lasted years).
*Please prompt them to also indicate any events they may have mentioned in other sections that did not include mood ratings. For example, if they would count one of their moves as stressful - this should be entered here as well. Changes to their family makeup are covered in the previous question, so no need to enter these.</i>",,,date_ymd,,,y,"[lci_f11] = '1' and [lci_f11b_count] >= 9",y,,,,,
lci_f11bii_9,life_chart_interview_f_young_adult_years,,text,"Event #9
End date:",,,date_ymd,,,y,"[lci_f11] = '1' and [lci_f11b_count] >= 9",,,,,,
lci_f11biii_9,life_chart_interview_f_young_adult_years,,text,"Event #9
Type:",,,,,,,"[lci_f11] = '1' and [lci_f11b_count] >= 9",,,,,,
lci_f11biv_9,life_chart_interview_f_young_adult_years,,dropdown,"Event #9
Mood Rating:","1, 1 | 2, 2 | 3, 3 | 4, 4 | 5, 5 | 6, 6 | 7, 7 | 8, 8 | 9, 9 | 10, 10",,,,,,"[lci_f11] = '1' and [lci_f11b_count] >= 9",y,,,,,
lci_f12,life_chart_interview_f_young_adult_years,,yesno,"F12. Did any good things happen during this period (for example, births, memorable family vacations, etc.)?",,,,,,,,y,,,,,
lci_f12b_count,life_chart_interview_f_young_adult_years,,dropdown,"F12b#. Describe briefly each good event that happened and the approximate date each occurred. In addition, we would like you to estimate how your mood was (on the scale of 1-10) in response to each of these events.

Count","0, 0 | 1, 1 | 2, 2 | 3, 3 | 4, 4 | 5, 5 | 6, 6 | 7, 7 | 8, 8 | 9, 9",,,,,,"[lci_f12] = '1'",y,,,,,
lci_f12bi_1,life_chart_interview_f_young_adult_years,,text,"Event #1
Start date:

<i>*Some events may just have one date (e.g., the date their sister was born) while others may have a start and end date (e.g., going to a meaningful summer camp)
*Please prompt them to also indicate any events they may have mentioned in other sections. For example, if they would count one of their moves as a positive event - this should be entered h ere as well. Changes to their family makeup are covered in the previous question, so no need to enter these.</i>",,,date_ymd,,,y,"[lci_f12] = '1' and [lci_f12b_count] >= 1",y,,,,,
lci_f12bii_1,life_chart_interview_f_young_adult_years,,text,"Event #1
End date:",,,date_ymd,,,y,"[lci_f12] = '1' and [lci_f12b_count] >= 1",,,,,,
lci_f12biii_1,life_chart_interview_f_young_adult_years,,text,"Event #1
Type:",,,,,,,"[lci_f12] = '1' and [lci_f12b_count] >= 1",,,,,,
lci_f12biv_1,life_chart_interview_f_young_adult_years,,dropdown,"Event #1
Mood Rating","1, 1 | 2, 2 | 3, 3 | 4, 4 | 5, 5 | 6, 6 | 7, 7 | 8, 8 | 9, 9 | 10, 10",,,,,,"[lci_f12] = '1' and [lci_f12b_count] >= 1",y,,,,,
lci_f12bi_2,life_chart_interview_f_young_adult_years,,text,"Event #2
Start date:

<i>*Some events may just have one date (e.g., the date their sister was born) while others may have a start and end date (e.g., going to a meaningful summer camp)
*Please prompt them to also indicate any events they may have mentioned in other sections. For example, if they would count one of their moves as a positive event - this should be entered h ere as well. Changes to their family makeup are covered in the previous question, so no need to enter these.</i>",,,date_ymd,,,y,"[lci_f12] = '1' and [lci_f12b_count] >= 2",y,,,,,
lci_f12bii_2,life_chart_interview_f_young_adult_years,,text,"Event #2
End date:",,,date_ymd,,,y,"[lci_f12] = '1' and [lci_f12b_count] >= 2",,,,,,
lci_f12biii_2,life_chart_interview_f_young_adult_years,,text,"Event #2
Type:",,,,,,,"[lci_f12] = '1' and [lci_f12b_count] >= 2",,,,,,
lci_f12biv_2,life_chart_interview_f_young_adult_years,,dropdown,"Event #2
Mood Rating","1, 1 | 2, 2 | 3, 3 | 4, 4 | 5, 5 | 6, 6 | 7, 7 | 8, 8 | 9, 9 | 10, 10",,,,,,"[lci_f12] = '1' and [lci_f12b_count] >= 2",y,,,,,
lci_f12bi_3,life_chart_interview_f_young_adult_years,,text,"Event #3
Start date:

<i>*Some events may just have one date (e.g., the date their sister was born) while others may have a start and end date (e.g., going to a meaningful summer camp)
*Please prompt them to also indicate any events they may have mentioned in other sections. For example, if they would count one of their moves as a positive event - this should be entered h ere as well. Changes to their family makeup are covered in the previous question, so no need to enter these.</i>",,,date_ymd,,,y,"[lci_f12] = '1' and [lci_f12b_count] >= 3",y,,,,,
lci_f12bii_3,life_chart_interview_f_young_adult_years,,text,"Event #3
End date:",,,date_ymd,,,y,"[lci_f12] = '1' and [lci_f12b_count] >= 3",,,,,,
lci_f12biii_3,life_chart_interview_f_young_adult_years,,text,"Event #3
Type:",,,,,,,"[lci_f12] = '1' and [lci_f12b_count] >= 3",,,,,,
lci_f12biv_3,life_chart_interview_f_young_adult_years,,dropdown,"Event #3
Mood Rating","1, 1 | 2, 2 | 3, 3 | 4, 4 | 5, 5 | 6, 6 | 7, 7 | 8, 8 | 9, 9 | 10, 10",,,,,,"[lci_f12] = '1' and [lci_f12b_count] >= 3",y,,,,,
lci_f12bi_4,life_chart_interview_f_young_adult_years,,text,"Event #4
Start date:

<i>*Some events may just have one date (e.g., the date their sister was born) while others may have a start and end date (e.g., going to a meaningful summer camp)
*Please prompt them to also indicate any events they may have mentioned in other sections. For example, if they would count one of their moves as a positive event - this should be entered h ere as well. Changes to their family makeup are covered in the previous question, so no need to enter these.</i>",,,date_ymd,,,y,"[lci_f12] = '1' and [lci_f12b_count] >= 4",y,,,,,
lci_f12bii_4,life_chart_interview_f_young_adult_years,,text,"Event #4
End date:",,,date_ymd,,,y,"[lci_f12] = '1' and [lci_f12b_count] >= 4",,,,,,
lci_f12biii_4,life_chart_interview_f_young_adult_years,,text,"Event #4
Type:",,,,,,,"[lci_f12] = '1' and [lci_f12b_count] >= 4",,,,,,
lci_f12biv_4,life_chart_interview_f_young_adult_years,,dropdown,"Event #4
Mood Rating","1, 1 | 2, 2 | 3, 3 | 4, 4 | 5, 5 | 6, 6 | 7, 7 | 8, 8 | 9, 9 | 10, 10",,,,,,"[lci_f12] = '1' and [lci_f12b_count] >= 4",y,,,,,
lci_f12bi_5,life_chart_interview_f_young_adult_years,,text,"Event #5
Start date:

<i>*Some events may just have one date (e.g., the date their sister was born) while others may have a start and end date (e.g., going to a meaningful summer camp)
*Please prompt them to also indicate any events they may have mentioned in other sections. For example, if they would count one of their moves as a positive event - this should be entered h ere as well. Changes to their family makeup are covered in the previous question, so no need to enter these.</i>",,,date_ymd,,,y,"[lci_f12] = '1' and [lci_f12b_count] >= 5",y,,,,,
lci_f12bii_5,life_chart_interview_f_young_adult_years,,text,"Event #5
End date:",,,date_ymd,,,y,"[lci_f12] = '1' and [lci_f12b_count] >= 5",,,,,,
lci_f12biii_5,life_chart_interview_f_young_adult_years,,text,"Event #5
Type:",,,,,,,"[lci_f12] = '1' and [lci_f12b_count] >= 5",,,,,,
lci_f12biv_5,life_chart_interview_f_young_adult_years,,dropdown,"Event #5
Mood Rating","1, 1 | 2, 2 | 3, 3 | 4, 4 | 5, 5 | 6, 6 | 7, 7 | 8, 8 | 9, 9 | 10, 10",,,,,,"[lci_f12] = '1' and [lci_f12b_count] >= 5",y,,,,,
lci_f12bi_6,life_chart_interview_f_young_adult_years,,text,"Event #6
Start date:

<i>*Some events may just have one date (e.g., the date their sister was born) while others may have a start and end date (e.g., going to a meaningful summer camp)
*Please prompt them to also indicate any events they may have mentioned in other sections. For example, if they would count one of their moves as a positive event - this should be entered h ere as well. Changes to their family makeup are covered in the previous question, so no need to enter these.</i>",,,date_ymd,,,y,"[lci_f12] = '1' and [lci_f12b_count] >= 6",y,,,,,
lci_f12bii_6,life_chart_interview_f_young_adult_years,,text,"Event #6
End date:",,,date_ymd,,,y,"[lci_f12] = '1' and [lci_f12b_count] >= 6",,,,,,
lci_f12biii_6,life_chart_interview_f_young_adult_years,,text,"Event #6
Type:",,,,,,,"[lci_f12] = '1' and [lci_f12b_count] >= 6",,,,,,
lci_f12biv_6,life_chart_interview_f_young_adult_years,,dropdown,"Event #6
Mood Rating","1, 1 | 2, 2 | 3, 3 | 4, 4 | 5, 5 | 6, 6 | 7, 7 | 8, 8 | 9, 9 | 10, 10",,,,,,"[lci_f12] = '1' and [lci_f12b_count] >= 6",y,,,,,
lci_f12bi_7,life_chart_interview_f_young_adult_years,,text,"Event #7
Start date:

<i>*Some events may just have one date (e.g., the date their sister was born) while others may have a start and end date (e.g., going to a meaningful summer camp)
*Please prompt them to also indicate any events they may have mentioned in other sections. For example, if they would count one of their moves as a positive event - this should be entered h ere as well. Changes to their family makeup are covered in the previous question, so no need to enter these.</i>",,,date_ymd,,,y,"[lci_f12] = '1' and [lci_f12b_count] >= 7",y,,,,,
lci_f12bii_7,life_chart_interview_f_young_adult_years,,text,"Event #7
End date:",,,date_ymd,,,y,"[lci_f12] = '1' and [lci_f12b_count] >= 7",,,,,,
lci_f12biii_7,life_chart_interview_f_young_adult_years,,text,"Event #7
Type:",,,,,,,"[lci_f12] = '1' and [lci_f12b_count] >= 7",,,,,,
lci_f12biv_7,life_chart_interview_f_young_adult_years,,dropdown,"Event #7
Mood Rating","1, 1 | 2, 2 | 3, 3 | 4, 4 | 5, 5 | 6, 6 | 7, 7 | 8, 8 | 9, 9 | 10, 10",,,,,,"[lci_f12] = '1' and [lci_f12b_count] >= 7",y,,,,,
lci_f12bi_8,life_chart_interview_f_young_adult_years,,text,"Event #8
Start date:

<i>*Some events may just have one date (e.g., the date their sister was born) while others may have a start and end date (e.g., going to a meaningful summer camp)
*Please prompt them to also indicate any events they may have mentioned in other sections. For example, if they would count one of their moves as a positive event - this should be entered h ere as well. Changes to their family makeup are covered in the previous question, so no need to enter these.</i>",,,date_ymd,,,y,"[lci_f12] = '1' and [lci_f12b_count] >= 8",y,,,,,
lci_f12bii_8,life_chart_interview_f_young_adult_years,,text,"Event #8
End date:",,,date_ymd,,,y,"[lci_f12] = '1' and [lci_f12b_count] >= 8",,,,,,
lci_f12biii_8,life_chart_interview_f_young_adult_years,,text,"Event #8
Type:",,,,,,,"[lci_f12] = '1' and [lci_f12b_count] >= 8",,,,,,
lci_f12biv_8,life_chart_interview_f_young_adult_years,,dropdown,"Event #8
Mood Rating","1, 1 | 2, 2 | 3, 3 | 4, 4 | 5, 5 | 6, 6 | 7, 7 | 8, 8 | 9, 9 | 10, 10",,,,,,"[lci_f12] = '1' and [lci_f12b_count] >= 8",y,,,,,
lci_f12bi_9,life_chart_interview_f_young_adult_years,,text,"Event #9
Start date:

<i>*Some events may just have one date (e.g., the date their sister was born) while others may have a start and end date (e.g., going to a meaningful summer camp)
*Please prompt them to also indicate any events they may have mentioned in other sections. For example, if they would count one of their moves as a positive event - this should be entered h ere as well. Changes to their family makeup are covered in the previous question, so no need to enter these.</i>",,,date_ymd,,,y,"[lci_f12] = '1' and [lci_f12b_count] >= 9",y,,,,,
lci_f12bii_9,life_chart_interview_f_young_adult_years,,text,"Event #9
End date:",,,date_ymd,,,y,"[lci_f12] = '1' and [lci_f12b_count] >= 9",,,,,,
lci_f12biii_9,life_chart_interview_f_young_adult_years,,text,"Event #9
Type:",,,,,,,"[lci_f12] = '1' and [lci_f12b_count] >= 9",,,,,,
lci_f12biv_9,life_chart_interview_f_young_adult_years,,dropdown,"Event #9
Mood Rating","1, 1 | 2, 2 | 3, 3 | 4, 4 | 5, 5 | 6, 6 | 7, 7 | 8, 8 | 9, 9 | 10, 10",,,,,,"[lci_f12] = '1' and [lci_f12b_count] >= 9",y,,,,,
lci_f13_count,life_chart_interview_f_young_adult_years,,dropdown,"F13#. Is there anything else that happened during this time period that you would like to share, which has not already been covered?

Count","0, 0 | 1, 1 | 2, 2 | 3, 3 | 4, 4 | 5, 5 | 6, 6 | 7, 7 | 8, 8 | 9, 9",,,,,,,y,,,,,
lci_f13i_1,life_chart_interview_f_young_adult_years,,text,"Event #1
Start date:",,,date_ymd,,,y,"[lci_f13_count] >= 1",y,,,,,
lci_f13ii_1,life_chart_interview_f_young_adult_years,,text,"Event #1
End date:",,,date_ymd,,,y,"[lci_f13_count] >= 1",,,,,,
lci_f13iii_1,life_chart_interview_f_young_adult_years,,notes,"Event #1
Brief Description:",,,,,,,"[lci_f13_count] >= 1",,,,,,
lci_f13iv_1,life_chart_interview_f_young_adult_years,,dropdown,"Event #1
Mood Rating (if applicable)","1, 1 | 2, 2 | 3, 3 | 4, 4 | 5, 5 | 6, 6 | 7, 7 | 8, 8 | 9, 9 | 10, 10",,,,,,"[lci_f13_count] >= 1",,,,,,
lci_f13i_2,life_chart_interview_f_young_adult_years,,text,"Event #2
Start date:",,,date_ymd,,,y,"[lci_f13_count] >= 2",y,,,,,
lci_f13ii_2,life_chart_interview_f_young_adult_years,,text,"Event #2
End date:",,,date_ymd,,,y,"[lci_f13_count] >= 2",,,,,,
lci_f13iii_2,life_chart_interview_f_young_adult_years,,notes,"Event #2
Brief Description:",,,,,,,"[lci_f13_count] >= 2",,,,,,
lci_f13iv_2,life_chart_interview_f_young_adult_years,,dropdown,"Event #2
Mood Rating (if applicable)","1, 1 | 2, 2 | 3, 3 | 4, 4 | 5, 5 | 6, 6 | 7, 7 | 8, 8 | 9, 9 | 10, 10",,,,,,"[lci_f13_count] >= 2",,,,,,
lci_f13i_3,life_chart_interview_f_young_adult_years,,text,"Event #3
Start date:",,,date_ymd,,,y,"[lci_f13_count] >= 3",y,,,,,
lci_f13ii_3,life_chart_interview_f_young_adult_years,,text,"Event #3
End date:",,,date_ymd,,,y,"[lci_f13_count] >= 3",,,,,,
lci_f13iii_3,life_chart_interview_f_young_adult_years,,notes,"Event #3
Brief Description:",,,,,,,"[lci_f13_count] >= 3",,,,,,
lci_f13iv_3,life_chart_interview_f_young_adult_years,,dropdown,"Event #3
Mood Rating (if applicable)","1, 1 | 2, 2 | 3, 3 | 4, 4 | 5, 5 | 6, 6 | 7, 7 | 8, 8 | 9, 9 | 10, 10",,,,,,"[lci_f13_count] >= 3",,,,,,
lci_f13i_4,life_chart_interview_f_young_adult_years,,text,"Event #4
Start date:",,,date_ymd,,,y,"[lci_f13_count] >= 4",y,,,,,
lci_f13ii_4,life_chart_interview_f_young_adult_years,,text,"Event #4
End date:",,,date_ymd,,,y,"[lci_f13_count] >= 4",,,,,,
lci_f13iii_4,life_chart_interview_f_young_adult_years,,notes,"Event #4
Brief Description:",,,,,,,"[lci_f13_count] >= 4",,,,,,
lci_f13iv_4,life_chart_interview_f_young_adult_years,,dropdown,"Event #4
Mood Rating (if applicable)","1, 1 | 2, 2 | 3, 3 | 4, 4 | 5, 5 | 6, 6 | 7, 7 | 8, 8 | 9, 9 | 10, 10",,,,,,"[lci_f13_count] >= 4",,,,,,
lci_f13i_5,life_chart_interview_f_young_adult_years,,text,"Event #5
Start date:",,,date_ymd,,,y,"[lci_f13_count] >= 5",y,,,,,
lci_f13ii_5,life_chart_interview_f_young_adult_years,,text,"Event #5
End date:",,,date_ymd,,,y,"[lci_f13_count] >= 5",,,,,,
lci_f13iii_5,life_chart_interview_f_young_adult_years,,notes,"Event #5
Brief Description:",,,,,,,"[lci_f13_count] >= 5",,,,,,
lci_f13iv_5,life_chart_interview_f_young_adult_years,,dropdown,"Event #5
Mood Rating (if applicable)","1, 1 | 2, 2 | 3, 3 | 4, 4 | 5, 5 | 6, 6 | 7, 7 | 8, 8 | 9, 9 | 10, 10",,,,,,"[lci_f13_count] >= 5",,,,,,
lci_f13i_6,life_chart_interview_f_young_adult_years,,text,"Event #6
Start date:",,,date_ymd,,,y,"[lci_f13_count] >= 6",y,,,,,
lci_f13ii_6,life_chart_interview_f_young_adult_years,,text,"Event #6
End date:",,,date_ymd,,,y,"[lci_f13_count] >= 6",,,,,,
lci_f13iii_6,life_chart_interview_f_young_adult_years,,notes,"Event #6
Brief Description:",,,,,,,"[lci_f13_count] >= 6",,,,,,
lci_f13iv_6,life_chart_interview_f_young_adult_years,,dropdown,"Event #6
Mood Rating (if applicable)","1, 1 | 2, 2 | 3, 3 | 4, 4 | 5, 5 | 6, 6 | 7, 7 | 8, 8 | 9, 9 | 10, 10",,,,,,"[lci_f13_count] >= 6",,,,,,
lci_f13i_7,life_chart_interview_f_young_adult_years,,text,"Event #7
Start date:",,,date_ymd,,,y,"[lci_f13_count] >= 7",y,,,,,
lci_f13ii_7,life_chart_interview_f_young_adult_years,,text,"Event #7
End date:",,,date_ymd,,,y,"[lci_f13_count] >= 7",,,,,,
lci_f13iii_7,life_chart_interview_f_young_adult_years,,notes,"Event #7
Brief Description:",,,,,,,"[lci_f13_count] >= 7",,,,,,
lci_f13iv_7,life_chart_interview_f_young_adult_years,,dropdown,"Event #7
Mood Rating (if applicable)","1, 1 | 2, 2 | 3, 3 | 4, 4 | 5, 5 | 6, 6 | 7, 7 | 8, 8 | 9, 9 | 10, 10",,,,,,"[lci_f13_count] >= 7",,,,,,
lci_f13i_8,life_chart_interview_f_young_adult_years,,text,"Event #8
Start date:",,,date_ymd,,,y,"[lci_f13_count] >= 8",y,,,,,
lci_f13ii_8,life_chart_interview_f_young_adult_years,,text,"Event #8
End date:",,,date_ymd,,,y,"[lci_f13_count] >= 8",,,,,,
lci_f13iii_8,life_chart_interview_f_young_adult_years,,notes,"Event #8
Brief Description:",,,,,,,"[lci_f13_count] >= 8",,,,,,
lci_f13iv_8,life_chart_interview_f_young_adult_years,,dropdown,"Event #8
Mood Rating (if applicable)","1, 1 | 2, 2 | 3, 3 | 4, 4 | 5, 5 | 6, 6 | 7, 7 | 8, 8 | 9, 9 | 10, 10",,,,,,"[lci_f13_count] >= 8",,,,,,
lci_f13i_9,life_chart_interview_f_young_adult_years,,text,"Event #9
Start date:",,,date_ymd,,,y,"[lci_f13_count] >= 9",y,,,,,
lci_f13ii_9,life_chart_interview_f_young_adult_years,,text,"Event #9
End date:",,,date_ymd,,,y,"[lci_f13_count] >= 9",,,,,,
lci_f13iii_9,life_chart_interview_f_young_adult_years,,notes,"Event #9
Brief Description:",,,,,,,"[lci_f13_count] >= 9",,,,,,
lci_f13iv_9,life_chart_interview_f_young_adult_years,,dropdown,"Event #9
Mood Rating (if applicable)","1, 1 | 2, 2 | 3, 3 | 4, 4 | 5, 5 | 6, 6 | 7, 7 | 8, 8 | 9, 9 | 10, 10",,,,,,"[lci_f13_count] >= 9",,,,,,
